,,(C) CUE,679,--------,total gifts,"cyan background, green background for Mystery Games"
,,,560,,- unique games,
,,,33,pack,"- packs, in-game content, DLC",
,,,,-,"(same as above, to avoid empty cells and not duplicate identifiers)",
,,,80,dupe,"- dupe games, packs, in-game content, DLC",
,,,6,free,- free games,
,,,49,--------,"total others gifts (another days, different number of days, DLC's, fails...)","yellow background, not the usual gifts"
,PC,Mobile,11,other,- other unique games,That doesn't include the crappy free indie games they're giving away!
From,2018-12-14,2025-01-24,36,pack2,"- other packs, in-game content, DLC",
To,2026-04-21,2026-04-21,2,dupe2,"- other dupe games, packs, in-game content, DLC",
Years,7,1,70,--------,total mobile gifts,"light red background, Android (global), iOS (only EU)"
Months,4,2,62,mobile,- mobile unique games,
Days,8,29,5,pack3,"- mobile packs, in-game content, DLC",
Total Days,2686,453,3,dupe3,"- mobile dupe games, packs, in-game content, DLC",
,,,2,next,next gifts,do not count for the totals
FROM,TO,DAY,DAYS,TYPE,NAME,NAME / NOTES
2026-06-04,2026-06-11,Thursday,7,*,,
2026-05-28,2026-06-04,Thursday,7,*,,
2026-05-21,2026-05-28,Thursday,7,*,,
2026-05-14,2026-05-21,Thursday,7,*,,
2026-05-07,2026-05-14,Thursday,7,*,,
2026-04-30,2026-05-07,Thursday,7,*,,
2026-04-23,2026-04-30,Thursday,7,next,-,
,,,,next,DOOMBLADE,
2026-04-16,2026-04-23,Thursday,7,mobile,Broken Sword : Reforged,
,,,,,The Stone of Madness,
2026-04-09,2026-04-16,Thursday,7,mobile,Dumb Ways to Draw,
,,,,,Prop Sumo,
2026-04-02,2026-04-09,Thursday,7,mobile,Dumb Ways to Die 2: The Games,
,,,,,Clone Drone in the Danger Zone,
2026-04-02,2026-04-16,Thursday,14,other,TOMAK: Save the Earth Regeneration,to celebrate the 25th anniversary
2026-03-26,2026-04-02,Thursday,7,mobile,The Wreck,
,,,,,Havendock,
,,,,,Hyper Echelon,
2026-03-19,2026-03-26,Thursday,7,mobile,Potion Permit,
,,,,,Electrician Simulator,
,,,,pack,World of Warships — Epic Anniversary Tachibana Pack,
2026-03-12,2026-03-19,Thursday,7,mobile,Wonder Boy: The Dragon's Trap,
,,,,,Cozy Grove,
,,,,,Isonzo,
2026-03-05,2026-03-12,Thursday,7,mobile,Little Nightmares,
,,,,pack3,Idle Champions of the Forgotten Realms - Raistlin's Renown Pack,"In-game content, log into game to get"
,,,,pack2,Idle Champions of the Forgotten Realms - Dragonlance Pack,"In-game content, log into game to get"
,,,,,Turnip Boy Robs a Bank,
2026-02-26,2026-03-05,Thursday,7,mobile,Boxes: Lost Fragments,
,,,,,Boxes: Lost Fragments,
,,,,,My Night Job,
2026-02-19,2026-02-26,Thursday,7,mobile,Residual,
,,,,,Return to Ash,
,,,,,STALCRAFT: X Edition Starter,
2026-02-12,2026-02-19,Thursday,7,mobile,The Darkside Detective: A Fumble in the Dark,
,,,,,Nobody Wants to Die,
,,,,,The Darkside Detective: A Fumble in the Dark,
2026-02-05,2026-02-12,Thursday,7,mobile,Botany Manor,
,,,,,Botany Manor,
,,,,,Poison Retro Set,Requires base game (free): Pixel Gun 3D
2026-01-29,2026-02-05,Thursday,7,mobile,Faily Brakes 2,
,,,,,Definitely Not Fried Chicken,
2026-01-22,2026-01-29,Thursday,7,mobile,The Forest Quartet,
,,,,,Rustler (Grand Theft Horse),
2026-01-15,2026-01-22,Thursday,7,mobile,Dumb Ways to Die,
,,,,,Styx: Master of Shadows,
,,,,,Styx: Shards of Darkness,
2026-01-08,2026-01-15,Thursday,7,mobile,Bouncemasters,
,,,,dupe,Bloons TD 6,
2026-01-01,2026-01-08,Thursday,7,mobile,Skul: The Hero Slayer,
,,,,,Total War: THREE KINGDOMS,
,,,,,Wildgate: Standard Edition,
2025-12-31,2026-01-01,Wednesday,1,dupe,Chivalry 2,
2025-12-30,2025-12-31,Tuesday,1,,Trine Classic Collection,Trine (Enchanted Edition)
,,,,,,Trine 2: Complete Story
,,,,,,Trine 3: The Artifacts of Power
,,,,,,Trine 4: The Nightmare Prince
2025-12-29,2025-12-30,Monday,1,,Viewfinder,
2025-12-28,2025-12-29,Sunday,1,,SKALD: Against the Black Priory,
2025-12-27,2025-12-28,Saturday,1,,Cassette Beasts,
2025-12-26,2025-12-27,Friday,1,,We Were Here Together,
2025-12-25,2026-01-01,Thursday,7,dupe3,Monument Valley,
,,,,dupe3,Monument Valley 2,
2025-12-25,2025-12-26,Thursday,1,,Disco Elysium: The Final Cut,
2025-12-24,2025-12-25,Wednesday,1,dupe,The Callisto Protocol,
2025-12-23,2025-12-24,Tuesday,1,,Bloodstained: Ritual of the Night,
2025-12-22,2026-01-05,Monday,14,pack,Train Sim World® 6: Spirit of Steam: Liverpool Lime Street - Crewe,Requires base game (payable): Train Sim World® 6
2025-12-22,2025-12-23,Monday,1,,Paradise Killer,
2025-12-21,2025-12-22,Sunday,1,,Sorry We're Closed,
2025-12-20,2025-12-21,Saturday,1,,Blood West,
2025-12-19,2025-12-20,Friday,1,,Eternights,
2025-12-18,2025-12-25,Thursday,7,mobile,Shotgun King: The Final Checkmate,
2025-12-18,2025-12-19,Thursday,1,,Jotunnslayer: Hordes of Hel,
2025-12-12,2025-12-18,Friday,6,,Hogwarts Legacy,
2025-12-11,2025-12-18,Thursday,7,mobile,Dead Cells,
2025-12-04,2025-12-11,Thursday,7,mobile,The Darkside Detective,
,,,,,The Darkside Detective,
,,,,,Jackbox Party Pack 4,
2025-11-27,2025-12-04,Thursday,7,mobile,Universe for Sale,
,,,,,Universe for Sale,
2025-11-20,2025-11-27,Thursday,7,mobile,Zoeti,
,,,,,Godzilla Voxel Wars,
,,,,,Zoeti,
2025-11-13,2025-11-20,Thursday,7,mobile,Scourgebringer,
,,,,,Scourgebringer,
,,,,,Songs of Silence,
,,,,,Zero Hour,
2025-11-06,2025-11-13,Thursday,7,pack3,Idle Champions of the Forgotten Realms - Nixie's Champions of Renown Pack,"In-game content, log into game to get"
,,,,,Felix The Reaper,
,,,,pack,Idle Champions of the Forgotten Realms - Nixie's Champions of Renown Pack,"In-game content, log into game to get"
2025-10-30,2025-11-06,Thursday,7,mobile,Bendy and the Ink Machine,
,,,,,Bendy and the Ink Machine,
,,,,,Five Nights at Freddy's: Into the Pit,
2025-10-23,2025-10-30,Thursday,7,mobile,Doodle Farm: Breeds and Beasts,
,,,,,Fear the Spotlight,
2025-10-16,2025-10-23,Thursday,7,mobile,Samorost 3,
,,,,,Amnesia: The Bunker,
,,,,,Samorost 3,
2025-10-09,2025-10-16,Thursday,7,mobile,Double Dragon Trilogy,
,,,,pack,Albion Online - Rogue Journeyman Bundle,"In-game content, log into game to get"
,,,,,Gravity Circuit,
2025-10-02,2025-10-09,Thursday,7,mobile,Doodle Devil: Dark Side,
,,,,pack,Firestone Online Idle RPG - Special Offer,"In-game content, log into game to get"
,,,,,Nightingale,
2025-09-25,2025-10-02,Thursday,7,dupe3,Eastern Exorcist,
,,,,,Eastern Exorcist,
,,,,,Jorel’s Brother and The Most Important Game of the Galaxy,
2025-09-18,2025-09-25,Thursday,7,pack3,Road Redemption Mobile - Full Game,Requires base game (free): Road Redemption Mobile
,,,,mobile,Samorost 2,
,,,,,Project Winter,
,,,,,Samorost 2,
2025-09-11,2025-09-18,Thursday,7,mobile,Monument Valley 2,
,,,,mobile,The Battle of Polytopia,
,,,,dupe,Ghostrunner 2,
,,,,,Monument Valley 2,
,,,,,The Battle of Polytopia,
2025-09-04,2025-09-11,Thursday,7,mobile,Monument Valley,
,,,,,Monument Valley,
2025-08-28,2025-09-04,Thursday,7,mobile,Machinarium,
,,,,,Machinarium,
,,,,,Make Way,
2025-08-21,2025-08-28,Thursday,7,mobile,Strange Horticulture,
,,,,,Kamaeru,
,,,,,Strange Horticulture,
2025-08-14,2025-08-21,Thursday,7,mobile,Hidden Folks,
,,,,,Hidden Folks,
,,,,dupe,Totally Reliable Delivery Service Standard Edition,
2025-08-07,2025-08-14,Thursday,7,mobile,112 Operator,
,,,,,112 Operator,
,,,,,Road Redemption,
2025-07-31,2025-08-07,Thursday,7,mobile,Pilgrims,
,,,,,Keylocker | Turn Based Cyberpunk Action,
,,,,,Pilgrims,
2025-07-24,2025-07-31,Thursday,7,mobile,Doodle Mafia: Epic Alchemy,
,,,,,Legion TD 2,
2025-07-17,2025-07-24,Thursday,7,mobile,There Is No Game: Wrong Dimension,
,,,,,Sid Meier’s Civilization® VI Platinum Edition,
2025-07-10,2025-07-17,Thursday,7,mobile,Figment 2: Creed Valley,
,,,,,Figment 2: Creed Valley,
,,,,,Sky Racket,
2025-07-03,2025-07-10,Thursday,7,mobile,Figment,
,,,,,Backpack Hero,
,,,,dupe,Figment,
2025-06-26,2025-07-03,Thursday,7,mobile,Cultist Simulator,
,,,,dupe,Sable,
2025-06-19,2025-06-26,Thursday,7,mobile,Doodle God: Infinite Alchemy Merge,
,,,,,The Operator,
2025-06-12,2025-06-19,Thursday,7,mobile,shapez,
,,,,pack3,DC Heroes United’s - Super Power Batman Bundle DLC,"In-game content, log into game to get"
,,,,,Two Point Hospital,
2025-06-05,2025-06-12,Thursday,7,mobile,Ogu and the Secret Forest,
,,,,,Deathloop,
,,,,,Ogu and the Secret Forest,
2025-06-03,2025-09-01,Tuesday,90,pack2,Hell Let Loose - Summer Warfare Pack,"Requires base game (payable): Hell Let Loose, already gifted"
2025-05-29,2025-06-05,Thursday,7,mobile,LIMBO,
,,,,dupe,LIMBO,
,,,,,Tiny Tina's Wonderlands,
2025-05-22,2025-05-29,Thursday,7,mobile,Gigapocalypse,
,,,,,Deliver At All Cost,
,,,,,Gigapocalypse,
,,,,dupe,Sifu,
2025-05-16,2025-06-12,Friday,27,pack2,Fortnite -- Frosted Skyline Pack,
2025-05-15,2025-05-22,Thursday,7,mobile,Happy Game,
,,,,,Dead Island 2,
,,,,,Happy Game,
2025-05-15,2025-06-12,Thursday,28,pack2,Asphalt Legends UNITE: Triple Decal Pack,Epic Games MEGA Sale Cosmetic Offer
,,,,pack2,Disney Speedstorm - Monochromatic Pack - Racer Ariel,
,,,,pack2,Fall Guys - Digi Costume,
,,,,pack2,Infinity Nikki MEGA Sale Bundle,
,,,,pack2,Neverwinter - Epic Starter Pack,
,,,,pack2,RAWMEN Sakura Gusoku Cosmetic Set,
,,,,pack2,Rocket League® - TriTrim Wheels,
,,,,pack2,SMITE 2 Thanatoasty Bundle,
,,,,pack2,Star Trek Online - Epic Starter Pack Bundle,
,,,,pack2,World of Warships — Courbet Epic Plunder Pack,
,,,,pack2,World of Warships x Azur Lane — Quest for AL Avrora,
,,,,pack2,Wuthering Waves Giveaway,
2025-05-08,2025-05-15,Thursday,7,mobile,MR RACER: Premium,
,,,,,Deadtime Defenders,
,,,,,Touch Type Tale,
2025-05-04,2025-05-05,Sunday,1,dupe2,LEGO® Star Wars™: The Skywalker Saga,Star Wars day: May the 4th be with you
2025-05-01,2025-05-08,Thursday,7,mobile,Super Space Club,
,,,,,Super Space Club,
2025-04-24,2025-05-01,Thursday,7,mobile,Chuchel,
,,,,mobile,Loop Hero,
,,,,pack,Albion Online - Free Welcome Gift,"In-game content, log into game to get"
,,,,,Chuchel,
2025-04-17,2025-04-24,Thursday,7,mobile,Botanicula,
,,,,pack3,Firestone Online Idle RPG - Special Offer,"In-game content, log into game to get"
,,,,,Botanicula,
,,,,pack,Firestone Online Idle RPG - Special Offer,"In-game content, log into game to get"
2025-04-10,2025-04-17,Thursday,7,mobile,Bridge Constructor: The Walking Dead,
,,,,pack,Arcadgeddon Promo bundle,"In-game content, log into game to get"
,,,,pack,Idle Champions of the Forgotten Realms - Astarion's Champions of Renown Pack,"In-game content, log into game to get"
,,,,,River City Girls,
2025-04-03,2025-04-10,Thursday,7,mobile,Doodle Kingdom: Medieval,
,,,,dupe,Cat Quest II,
2025-03-27,2025-04-03,Thursday,7,mobile,Evoland 2,
,,,,mobile,Out There - Omega Edition,
,,,,dupe,Cat Quest,Epic Games Store Spring Sale 2025
,,,,,"Neko Ghost, Jump",
2025-03-21,2025-04-09,Friday,19,pack2,Dragon Age: The Veilguard - Rook’s Weapons Appearance,Requires base game (payable): Dragon Age: The Veilguard
2025-03-20,2025-04-17,Thursday,28,mobile,Eastern Exorcist,
,,,,mobile,Super Meat Boy Forever Mobile,
2025-03-20,2025-03-27,Thursday,7,,Jurassic World Evolution 2,
2025-03-13,2025-03-20,Thursday,7,dupe,Mortal Shell,
,,,,pack,World of Warships — Anniversary Party Favor,
2025-03-06,2025-03-13,Thursday,7,dupe,Them's Fightin' Herds,
2025-02-27,2025-03-06,Thursday,7,dupe,Mages of Mystralia,
2025-02-20,2025-03-20,Thursday,28,mobile,STAR WARS™ Knights of the Old Republic™,
,,,,mobile,STAR WARS™ Knights of the Old Republic™ II - The Sith Lords™,
2025-02-20,2025-02-27,Thursday,7,,Garden Story,
,,,,,World War Z: Aftermath,"This game adds ""World War Z: Aftermath Upgrade"" to the one from 2020-03-26?"
2025-02-13,2025-02-20,Thursday,7,pack,Apex Legends™: Loba Free Unlock Bundle,
,,,,,F1® Manager 2024,
2025-02-06,2025-02-13,Thursday,7,dupe,Beyond Blue,
,,,,,HUMANKIND™,
2025-01-30,2025-02-06,Thursday,7,,Undying,
2025-01-27,2025-02-10,Monday,14,pack2,Dying Light - 10th Anniversary Bundle,
2025-01-24,2025-02-20,Friday,27,mobile,Bloons TD 6,
,,,,mobile,Dungeon of the Endless: Apogee,
2025-01-23,2025-01-30,Thursday,7,,Behind the Frame: The Finest Scenery,
2025-01-16,2025-01-23,Thursday,7,dupe,Escape Academy,
2025-01-09,2025-01-16,Thursday,7,,Turmoil,
2025-01-02,2025-01-09,Thursday,7,,Hell Let Loose,
2025-01-01,2025-01-02,Wednesday,1,dupe,Kingdom Come: Deliverance,
2024-12-31,2025-01-01,Tuesday,1,,SIFU,
2024-12-30,2024-12-31,Monday,1,,[REDACTED],
2024-12-29,2024-12-30,Sunday,1,dupe,Orcs Must Die! 3,
2024-12-28,2024-12-29,Saturday,1,,Kill Knight,
2024-12-27,2024-12-28,Friday,1,,HOT WHEELS UNLEASHED™,
2024-12-26,2024-12-27,Thursday,1,,Ghostrunner 2,
2024-12-25,2024-12-26,Wednesday,1,dupe,Control,
2024-12-24,2024-12-25,Tuesday,1,,Dredge,
2024-12-23,2024-12-24,Monday,1,pack,Dark and Darker - Legendary Status,
2024-12-22,2024-12-23,Sunday,1,,Wizard of Legend,
2024-12-21,2024-12-22,Saturday,1,,TerraTech,
2024-12-20,2024-12-21,Friday,1,,Astrea: Six Sided Oracles,
2024-12-20,2025-01-03,Friday,14,pack2,Train Sim World® 5: Sherman Hill: Cheyenne - Laramie,Requires base game (payable): Train Sim World® 5
2024-12-19,2024-12-20,Thursday,1,,Vampire Survivors,
2024-12-12,2024-12-19,Thursday,7,,The Lord of the Rings™: Return to Moria™,
2024-12-05,2024-12-12,Thursday,7,,Bus Simulator 21 Next Stop,
,,,,,LEGO® Star Wars™: The Skywalker Saga,
2024-11-28,2024-12-05,Thursday,7,,Brotato,
2024-11-21,2024-11-28,Thursday,7,,Beholder,
2024-11-14,2024-11-21,Thursday,7,,Castlevania Anniversary Collection,
,,,,dupe,Snakebird Complete,
2024-11-07,2024-11-14,Thursday,7,pack,Apex Legends™: Ash Free Unlock Bundle,
,,,,,Deceive Inc.,
2024-10-31,2024-11-07,Thursday,7,dupe,Ghostwire: Tokyo,
,,,,,Witch It,
2024-10-24,2024-10-31,Thursday,7,dupe,Moving Out,
2024-10-17,2024-10-24,Thursday,7,dupe,Invincible Presents: Atom Eve,
,,,,,Kardboard Kings,
2024-10-10,2024-10-17,Thursday,7,,Empyrion - Galactic Survival,
,,,,,Outliver: Tribulation,
2024-10-05,2024-10-10,Saturday,5,pack2,World of Warships x TMNT — Mission: Free Permanent Camo Unlock,
2024-09-26,2024-10-03,Thursday,7,,Bear and Breakfast,
2024-09-19,2024-09-26,Thursday,7,,The Spirit and the Mouse,
2024-09-19,2024-09-26,Thursday,7,,The Last Stand: Aftermath,
,,,,,TOEM,
2024-09-12,2024-09-19,Thursday,7,,Rugrats: Adventures in Gameland,
,,,,,SUPER CRAZY RHYTHM CASTLE,
2024-09-05,2024-09-12,Thursday,7,,Football Manager 2024,
,,,,,Sniper Ghost Warrior Contracts,
2024-08-29,2024-09-05,Thursday,7,dupe,Fallout® Classic Collection,Fallout: A Post Nuclear Role Playing Game
,,,,dupe,,Fallout 2: A Post Nuclear Role Playing Game
,,,,dupe,,Fallout Tactics: Brotherhood of Steel
,,,,,Wild Card Football,
2024-08-22,2024-08-29,Thursday,7,,Gigantic: Rampage Edition,
,,,,,The Callisto Protocol,
2024-08-15,2024-08-22,Thursday,7,,Death's Gambit: Afterlife,
,,,,pack,World of Warships — Starter Pack: Albany,
2024-08-08,2024-08-15,Thursday,7,pack,Apex Legends™: Conduit Free Unlock Bundle,
,,,,,CYGNI - All Guns Blazing,
,,,,dupe,DNF Duel,
2024-08-01,2024-08-08,Thursday,7,,LumbearJack,
,,,,,RAWMEN: Food Fighter Arena 🍜,
2024-07-25,2024-08-01,Thursday,7,dupe,F.I.S.T.: Forged In Shadow Torch,
,,,,pack,Olympics™ Go! Paris 2024 - Exclusive Outfits pack,
2024-07-18,2024-07-25,Thursday,7,,Arcade Paradise,
,,,,,Maid of Sker,
2024-07-11,2024-07-18,Thursday,7,,Floppy Knights,
2024-07-04,2024-07-11,Thursday,7,,The Falconeer: Standard Edition,
2024-06-27,2024-07-04,Thursday,7,,Sunless Skies: Sovereign Edition,
2024-06-20,2024-06-27,Thursday,7,,Freshly Frosted,
,,,,,Rumble Club - Free Game of the Week Bonus,
2024-06-18,2024-07-11,Tuesday,23,pack2,Crime Boss: Rockay City - Cagnali's Order,Requires base game (payable): Crime Boss: Rockay City
,,,,pack2,Crime Boss: Rockay City - Dragon's Gold Cup,Requires base game (payable): Crime Boss: Rockay City
,,,,pack2,Crime Boss: Rockay City - Heavy Hitters Pack,Requires base game (payable): Crime Boss: Rockay City
,,,,pack2,Crime Boss: Rockay City - Tactical Weapon Pack,Requires base game (payable): Crime Boss: Rockay City
2024-06-13,2024-06-20,Thursday,7,pack,Idle Champions of the Forgotten Realms - Dungeon & Dragons Pack,
,,,,,Redout 2,
2024-06-06,2024-06-13,Thursday,7,,Marvel’s Midnight Suns,
2024-05-30,2024-06-06,Thursday,7,,Chivalry 2,
2024-05-23,2024-05-30,Thursday,7,dupe2,"Warhammer 40,000: Gladius - Relics of War",Warhammer Skulls 2024 Event
2024-05-23,2024-05-30,Thursday,7,,Farming Simulator 22,
2024-05-22,2024-06-13,Wednesday,22,pack2,Echo Starter Pack,
2024-05-16,2024-05-23,Thursday,7,,Dragon Age: Inquisition - Game of the Year Edition,
2024-05-09,2024-05-16,Thursday,7,,Circus Electrique,
,,,,pack,Firestone Free Offer,
2024-05-02,2024-05-09,Thursday,7,,Cat Quest 2,
,,,,,Orcs Must Die! 3,
2024-04-25,2024-05-02,Thursday,7,,INDUSTRIA,
,,,,,LISA: Definitive Edition,LISA: The Joyful - Definitive Edition
,,,,,,LISA: The Painful - Definitive Edition
2024-04-18,2024-04-25,Thursday,7,,The Big Con,
,,,,free,Town of Salem 2,
2024-04-11,2024-04-18,Thursday,7,dupe,Ghostrunner,
2024-04-04,2024-04-11,Thursday,7,dupe,The Outer Worlds: Spacer's Choice Edition,
,,,,,Thief,
2024-03-28,2024-04-04,Thursday,7,,Islets,
2024-03-21,2024-04-04,Thursday,14,pack2,World of Warships — Starter Pack: Dreadnought,Also 2021-05-05 (not listed)
2024-03-21,2024-03-28,Thursday,7,,Call of the Wild: The Angler™,
,,,,,Invincible Presents: Atom Eve,
2024-03-14,2024-04-13,Thursday,30,pack2,The Sims™ 4 - Backyard Stuff,
2024-03-14,2024-03-21,Thursday,7,,Deus Ex: Mankind Divided,
,,,,dupe,The Bridge,
2024-03-07,2024-03-14,Thursday,7,,Astro Duel 2,
2024-02-29,2024-03-07,Thursday,7,,"Aerial_Knight's Never Yield",
2024-02-22,2024-02-29,Thursday,7,,Super Meat Boy Forever,
2024-02-15,2024-02-22,Thursday,7,,Dakar Desert Rally,
2024-02-08,2024-02-19,Thursday,11,pack2,Dying Light - Shu Warrior Bundle,"Requires base game (payable): Dying Light, already gifted"
2024-02-08,2024-02-15,Thursday,7,,Doki Doki Literature Club Plus!,
,,,,,Lost Castle,
2024-02-01,2024-02-08,Thursday,7,,Doors: Paradox,
2024-01-25,2024-02-01,Thursday,7,,Infinifactory,
2024-01-18,2024-01-25,Thursday,7,,LOVE,"LOVE (enhanced version, 2014)"
,,,,,,"LOVE Classic (classic version, 2008 recoded in 2020)"
2024-01-11,2024-01-18,Thursday,7,,Sail Forth,
2024-01-04,2024-01-11,Thursday,7,,Marvel's Guardians of the Galaxy,
2024-01-03,2024-01-04,Wednesday,1,dupe,A Plague Tale: Innocence,
2024-01-02,2024-01-03,Tuesday,1,,20 Minutes Till Dawn,
2024-01-01,2024-01-02,Monday,1,,Escape Academy,
2023-12-31,2024-01-01,Sunday,1,,Ghostrunner,
2023-12-30,2023-12-31,Saturday,1,,Saints Row,
2023-12-29,2023-12-30,Friday,1,,Snakebird Complete,
2023-12-28,2023-12-29,Thursday,1,,Cat Quest,
2023-12-27,2023-12-28,Wednesday,1,,Cursed to Golf,
2023-12-26,2023-12-27,Tuesday,1,,Human Resource Machine,
2023-12-25,2023-12-26,Monday,1,,The Outer Worlds: Spacer's Choice Edition,
2023-12-24,2023-12-25,Sunday,1,,Ghostwire: Tokyo,
2023-12-23,2023-12-24,Saturday,1,dupe,Fallout 3: Game of the Year Edition,
2023-12-22,2023-12-23,Friday,1,,art of rally,
2023-12-21,2023-12-22,Thursday,1,,Melvor Idle,
2023-12-20,2023-12-21,Wednesday,1,,DNF Duel,
2023-12-13,2023-12-19,Wednesday,6,pack,Destiny 2: Legacy Collection,Destiny 2: The Witch Queen
,,,,-,,Destiny 2: Beyond Light
,,,,-,,Destiny 2: Shadowkeep
2023-12-07,2023-12-31,Thursday,24,pack2,"Warhammer 40,000: Rogue Trader - Limited Outfit Pack","Requires base game (payable), Warhammer 40,000: Rogue Trader"
2023-12-07,2023-12-13,Thursday,6,,Gigabash,
,,,,,Predecessor,
2023-12-01,2024-01-09,Friday,39,pack2,The Sims™ 4 - My First Pet Stuff,
2023-11-30,2023-12-07,Thursday,7,,Jitsu Squad,
,,,,,Mighty Fight Federation,
2023-11-23,2023-11-30,Thursday,7,,Deliver Us Mars,
2023-11-16,2023-11-23,Thursday,7,,EARTHLOCK,
,,,,,Surviving the Aftermath,
2023-11-15,2023-11-15,Wednesday,0,other,Suicide Squad: Kill the Justice League,"Fail with the preorder for a few hours, no idea if the preorder have been cancelled"
2023-11-09,2023-11-16,Thursday,7,,Golden Light,
2023-11-02,2023-11-09,Thursday,7,,Turnip Boy Commits Tax Evasion,
2023-10-26,2023-11-02,Thursday,7,,Tandem: A Tale of Shadows,
,,,,,The Evil Within 2,
2023-10-19,2023-10-26,Thursday,7,,Eternal Threads,
,,,,,The Evil Within,
2023-10-12,2023-10-19,Thursday,7,,Blazing Sails,
,,,,,Q.U.B.E. ULTIMATE BUNDLE,
2023-10-05,2023-10-12,Thursday,7,,Godlike Burger,
2023-09-28,2023-10-05,Thursday,7,,Model Builder,
,,,,,Soulstice,
2023-09-21,2023-09-28,Thursday,7,,Out of Line,
,,,,,The Forest Quartet,
2023-09-14,2023-10-13,Thursday,29,other,We Were Here Expeditions: The FriendShip,
2023-09-14,2023-09-21,Thursday,7,,911 Operator,
2023-09-07,2023-09-14,Thursday,7,,Spelldrifter,
2023-08-31,2023-09-07,Thursday,7,dupe,Cave Story+,
2023-08-24,2023-08-31,Thursday,7,,Homeworld: Deserts of Kharak,
2023-08-17,2023-08-24,Thursday,7,,Black Book,
,,,,,Dodo Peak,
2023-08-10,2023-08-17,Thursday,7,dupe,Europa Universalis IV,
,,,,,Orwell: Keeping an Eye on You,
2023-08-03,2023-08-10,Thursday,7,dupe,Bloons TD 6,
,,,,dupe,Loop Hero,
2023-07-27,2023-08-03,Thursday,7,,Homeworld Remastered Collection,
,,,,dupe,Severed Steel,
2023-07-20,2023-07-27,Thursday,7,,Murder by Numbers,
,,,,,The Elder Scrolls Online,
2023-07-13,2023-07-20,Thursday,7,,Train Valley 2,
2023-07-06,2023-07-13,Thursday,7,,GRIME,
2023-06-29,2023-07-06,Thursday,7,,The Dungeon of Naheulbeuk: The Amulet Of Chaos,
2023-06-22,2023-06-29,Thursday,7,pack,Idle Champions of the Forgotten Realms - Wulfgar's Legends of Renown Pack,
,,,,dupe,theHunter: Call of the Wild,
2023-06-15,2023-06-22,Thursday,7,,Guacamelee! Super Turbo Championship Edition,
,,,,,Guacamelee! 2,
2023-06-08,2023-06-15,Thursday,7,,PAYDAY 2,
2023-06-01,2023-06-08,Thursday,7,,Midnight Ghost Hunt,
2023-05-26,2023-06-02,Friday,7,pack2,Train Sim World 2 - LGV Méditerranée: Marseille - Avignon,
2023-05-25,2023-06-01,Thursday,7,,Fallout: New Vegas - Ultimate Edition,
2023-05-18,2023-05-25,Thursday,7,dupe,DEATH STRANDING,
2023-05-11,2023-05-18,Thursday,7,pack,The Sims 4 - The Daring Lifestyle Bundle,The Sims 4 - Fashion Street Kit
,,,,-,,The Sims 4 - Jungle Adventure Game Pack
,,,,-,,The Sims 4 - Luxury Party Stuff Pack
2023-05-04,2023-05-11,Thursday,7,,Against All Odds,
,,,,,Kao the Kangaroo,
,,,,dupe,Horizon Chase Turbo,
2023-04-27,2023-05-04,Thursday,7,,Breathedge,
,,,,,Poker Club,
2023-04-20,2023-04-27,Thursday,7,,Beyond Blue,
,,,,dupe,Never Alone (Kisima Ingitchuna),
2023-04-13,2023-04-20,Thursday,7,,MORDHAU,
,,,,dupe,Second Extinction,
2023-04-06,2023-04-13,Thursday,7,,Dying Light: Enhanced Edition,
,,,,,shapez,
2023-03-30,2023-04-06,Thursday,7,,The Silent Age,
,,,,,Tunche,
2023-03-23,2023-03-30,Thursday,7,,Chess Ultra,
,,,,pack,World of Warships — Starter Pack: Ishizuchi,
2023-03-16,2023-03-23,Thursday,7,,"Warhammer 40,000: Gladius - Relics of War",
2023-03-09,2023-03-16,Thursday,7,,Call of the Sea,
2023-03-09,2023-04-07,Thursday,29,pack2,Clash - Lone Fighter Pack,
2023-03-02,2023-03-09,Thursday,7,,Rise of Industry,
2023-02-23,2023-03-02,Thursday,7,,Duskers,
2023-02-16,2023-02-23,Thursday,7,,Warpips,
2023-02-09,2023-02-16,Thursday,7,,Recipe for Disaster,
2023-02-02,2023-02-09,Thursday,7,,City of Gangsters,
,,,,,Dishonored: Death of the Outsider,
2023-01-26,2023-02-02,Thursday,7,,Adios,
,,,,,Hell is Others,
2023-01-25,2023-02-07,Wednesday,13,pack2, The Cycle: Frontier - Fortuna Survivor,
2023-01-19,2023-01-26,Thursday,7,,Epistory - Typing Chronicles,
2023-01-12,2023-01-19,Thursday,7,free,Divine Knockout (DKO),
,,,,,First Class Trouble,
,,,,,Gamedec - Definitive Edition,
2023-01-05,2023-01-12,Thursday,7,,Kerbal Space Program,
,,,,,Shadow Tactics: Aiko's Choice,
2022-12-29,2023-01-05,Thursday,7,,Dishonored - Definitive Edition,
,,,,,Eximius: Seize the Frontline,
2022-12-28,2022-12-29,Wednesday,1,,Mortal Shell,
2022-12-27,2022-12-28,Tuesday,1,,Severed Steel,
2022-12-26,2022-12-27,Monday,1,,F.I.S.T.: Forged In Shadow Torch,
2022-12-25,2022-12-26,Sunday,1,,DEATH STRANDING,
2022-12-25,2022-12-25,Sunday,0,other,DEATH STRANDING Director's Cut,"Fail for a few hours, the game is still on the accounts"
2022-12-24,2022-12-25,Saturday,1,dupe,Metro: Last Light Redux,
2022-12-23,2022-12-24,Friday,1,,Encased: A Sci-Fi Post-Apocalyptic RPG,
2022-12-22,2022-12-23,Thursday,1,,Fallout® Classic Collection,Fallout: A Post Nuclear Role Playing Game
,,,,,,Fallout 2: A Post Nuclear Role Playing Game
,,,,,,Fallout Tactics: Brotherhood of Steel
2022-12-21,2022-12-22,Wednesday,1,,LEGO Builder's Journey,
2022-12-20,2022-12-21,Tuesday,1,dupe,Wolfenstein: The New Order,
2022-12-19,2022-12-20,Monday,1,,Them's Fightin' Herds,
2022-12-18,2022-12-19,Sunday,1,,Sable,
2022-12-17,2022-12-18,Saturday,1,dupe,Costume Quest 2,
2022-12-16,2022-12-17,Friday,1,dupe,Horizon Chase Turbo,
2022-12-15,2022-12-16,Thursday,1,,Bloons TD 6,
2022-12-08,2022-12-15,Thursday,7,,Saints Row IV: Re-Elected ,
,,,,,Wildcat Gun Machine,
2022-12-01,2022-12-08,Thursday,7,,Fort Triumph,
,,,,,RPG in a Box,
2022-11-24,2022-12-01,Thursday,7,,STAR WARS: Squadrons,
2022-11-17,2022-11-24,Thursday,7,,Dark Deity,
,,,,,Evil Dead: The Game,
,,,,pack,Rumbleverse - Epic Cheerleader Pack,
2022-11-10,2022-11-17,Thursday,7,,Alba - A Wildlife Adventure,
,,,,dupe,Shadow Tactics: Blades of the Shogun,
2022-11-03,2022-11-10,Thursday,7,,Filament,
,,,,dupe,Rising Storm 2: Vietnam,
2022-10-27,2022-11-03,Thursday,7,,Saturnalia,
,,,,,"Warhammer 40,000: Mechanicus",
2022-10-20,2022-10-27,Thursday,7,,Evoland Legendary Edition,
,,,,,Fallout 3: Game of the Year Edition,
2022-10-13,2022-10-20,Thursday,7,,Darkwood,
,,,,,ToeJam & Earl: Back in the Groove!,
2022-10-06,2022-10-13,Thursday,7,,Rising Hell,
,,,,,Slain: Back From Hell,
2022-09-29,2022-10-06,Thursday,7,,Runbow,
,,,,,The Drone Racing League Simulator,
2022-09-22,2022-09-29,Thursday,7,dupe,ARK: Survival Evolved,
,,,,,Gloomhaven,
2022-09-15,2022-09-22,Thursday,7,,Spirit of the North,
,,,,,The Captain,
2022-09-08,2022-09-15,Thursday,7,,Hundred Days: Winemaking Simulator,
,,,,pack,Realm Royale Reforged - Epic Launch Bundle,
2022-09-01,2022-09-08,Thursday,7,free,Knockout City,
,,,,dupe,Shadow of the Tomb Raider: Definitive Edition,
,,,,,Submerged: Hidden Depths,
2022-08-25,2022-09-01,Thursday,7,,Ring of Pain,
2022-08-23,2022-08-30,Tuesday,7,pack2,Destiny 2: Bungie 30th Anniversary Pack,
2022-08-18,2022-08-25,Thursday,7,,DOOM 64,
,,,,pack,Rumbleverse - Boom Boxer Content Pack,
2022-08-11,2022-08-18,Thursday,7,,"Cook, Serve, Delicious! 3?!",
2022-08-04,2022-08-11,Thursday,7,,Unrailed!,
2022-07-28,2022-08-04,Thursday,7,,Lawn Mowing Simulator,
2022-07-21,2022-07-28,Thursday,7,pack,Shop Titans - Exclusive Package,
,,,,,Tannenberg,
2022-07-14,2022-07-21,Thursday,7,pack,Idle Champions of the Forgotten Realms - Gladiators of the Black Pits Pack,
,,,,,Wonder Boy: The Dragon's Trap,
2022-07-07,2022-07-14,Thursday,7,,Ancient Enemy,
,,,,dupe,Killing Floor 2,
2022-06-30,2022-07-07,Thursday,7,,Geneforge 1 - Mutagen,
,,,,,Hood: Outlaws & Legends,
,,,,,Iratus: Lord of the Dead,
2022-06-23,2022-06-30,Thursday,7,,A Game Of Thrones: The Board Game Digital Edition,
,,,,,Car Mechanic Simulator 2018,
2022-06-16,2022-06-23,Thursday,7,,Supraland,
2022-06-09,2022-06-16,Thursday,7,,Maneater,
2022-06-02,2022-06-09,Thursday,7,,Wolfenstein: The New Order,
2022-05-26,2022-06-02,Thursday,7,,BioShock: The Collection,BioShock Remastered
,,,,,,BioShock 2 Remastered
,,,,,,BioShock Infinite: The Complete Edition
2022-05-19,2022-05-26,Thursday,7,,Borderlands 3,
2022-05-12,2022-05-19,Thursday,7,dupe,Prey Digital Deluxe,
,,,,dupe,Jotun: Valhalla Edition,
,,,,,Redout: Enhanced Edition,
2022-05-05,2022-05-12,Thursday,7,,Terraforming Mars,
2022-04-28,2022-05-05,Thursday,7,,Just Die Already,
,,,,,Paradigm,
2022-04-21,2022-04-28,Thursday,7,,Amnesia: Rebirth,
,,,,,Riverbond,
2022-04-14,2022-04-21,Thursday,7,,Insurmountable,
,,,,,XCOM 2,
2022-04-07,2022-04-14,Thursday,7,,Rogue Legacy,
,,,,dupe,The Vanishing of Ethan Carter,
2022-03-31,2022-04-07,Thursday,7,dupe,City of Brass,
,,,,,Total War: WARHAMMER,
2022-03-24,2022-03-31,Thursday,7,,DEMON'S TILT,
2022-03-17,2022-03-24,Thursday,7,,In Sound Mind,
2022-03-10,2022-03-17,Thursday,7,dupe,Cities: Skylines,
2022-03-03,2022-03-10,Thursday,7,,Black Widow: Recharged,
,,,,,Centipede: Recharged,
,,,,pack,Dauntless - Epic Slayer Kit,
2022-02-24,2022-03-03,Thursday,7,,Cris Tales,
2022-02-17,2022-02-24,Thursday,7,,Brothers: A Tale of Two Sons,
2022-02-10,2022-02-17,Thursday,7,,Windbound,
2022-02-03,2022-02-10,Thursday,7,dupe,Yooka-Laylee and the Impossible Lair,
2022-01-27,2022-02-03,Thursday,7,,DAEMON X MACHINA,
2022-01-20,2022-01-27,Thursday,7,,Relicta,
2022-01-13,2022-01-20,Thursday,7,dupe,Galactic Civilizations III,
2022-01-06,2022-01-13,Thursday,7,,Gods Will Fall,
2021-12-30,2022-01-06,Thursday,7,,Tomb Raider Trilogy,Tomb Raider GAME OF THE YEAR EDITION
,,,,,,Rise of the Tomb Raider: 20 Year Celebration
,,,,,,Shadow of the Tomb Raider: Definitive Edition
2021-12-29,2021-12-30,Wednesday,1,,Salt and Sanctuary,
2021-12-28,2021-12-29,Tuesday,1,,Moving Out,
2021-12-27,2021-12-28,Monday,1,,Mages of Mystralia,
2021-12-26,2021-12-27,Sunday,1,dupe,Control,
2021-12-25,2021-12-26,Saturday,1,,Prey Digital Deluxe,
2021-12-24,2021-12-25,Friday,1,,Pathfinder: Kingmaker - Enhanced Plus Edition,
2021-12-23,2021-12-24,Thursday,1,,Vampyr,
2021-12-22,2021-12-23,Wednesday,1,dupe,Mutant Year Zero: Road to Eden,
2021-12-21,2021-12-22,Tuesday,1,,Second Extinction,
2021-12-20,2021-12-21,Monday,1,,Loop Hero,
2021-12-19,2021-12-20,Sunday,1,,The Vanishing of Ethan Carter,
2021-12-18,2021-12-19,Saturday,1,dupe,Remnant: From the Ashes,
2021-12-17,2021-12-18,Friday,1,,Neon Abyss,
2021-12-16,2021-12-17,Thursday,1,,Shenmue III,
2021-12-09,2021-12-16,Thursday,7,,Godfall: Challenger Edition,
,,,,,Prison Architect,
2021-12-02,2021-12-09,Thursday,7,,Dead by Daylight,
,,,,,while True: learn(),
2021-11-25,2021-12-02,Thursday,7,pack,Antstream - Epic Welcome Pack,
,,,,,theHunter: Call of the Wild,
2021-11-18,2021-11-25,Thursday,7,,Guild of Dungeoneering Ultimate Edition,
,,,,,KID A MNESIA EXHIBITION,
,,,,,Never Alone (Kisima Ingitchuna),
2021-11-11,2021-11-18,Thursday,7,pack,Rogue Company - Season Four Epic Pack,
2021-11-09,2021-11-16,Tuesday,7,other,Tiny Tina's Assault on Dragon Keep: A Wonderlands One-shot Adventure,
2021-11-04,2021-11-11,Thursday,7,,Aven Colony,
2021-10-28,2021-11-04,Thursday,7,,DARQ: Complete Edition,
2021-10-21,2021-10-28,Thursday,7,,Among the Sleep Enhanced Edition,
2021-10-14,2021-10-21,Thursday,7,pack,Paladins - Epic Pack,
,,,,,Stubbs the Zombie in Rebel Without a Pulse,
2021-10-07,2021-10-14,Thursday,7,,PC Building Simulator,
2021-10-05,2021-10-11,Tuesday,6,pack2,Tom Clancy’s Ghost Recon Wildlands - Fallen Ghosts,
2021-09-30,2021-10-07,Thursday,7,,Europa Universalis IV,
2021-09-28,2021-09-29,Tuesday,1,other,2064: Read Only Memories,
2021-09-23,2021-09-30,Thursday,7,dupe,The Escapists,
2021-09-16,2021-09-23,Thursday,7,,Speed Brawl,
,,,,,Tharsis,
2021-09-09,2021-09-16,Thursday,7,,Nioh: The Complete Edition,
,,,,,Sheltered,
2021-09-02,2021-09-09,Thursday,7,,Yoku's Island Express,
2021-08-26,2021-09-02,Thursday,7,,Automachef,
2021-08-25,2021-09-02,Wednesday,8,other,Saints Row: The Third - Remastered,
2021-08-19,2021-08-26,Thursday,7,,Void Bastards,
,,,,,Yooka-Laylee,
2021-08-12,2021-08-19,Thursday,7,dupe,Rebel Galaxy,
2021-08-05,2021-08-12,Thursday,7,,A Plague Tale: Innocence,
,,,,dupe,Minit,
2021-07-29,2021-08-05,Thursday,7,,MOTHERGUNSHIP,
,,,,,Train Sim World 2,
2021-07-22,2021-07-29,Thursday,7,dupe,Defense Grid: The Awakening,
,,,,,Verdun,
2021-07-15,2021-07-22,Thursday,7,,Obduction,
,,,,dupe,Offworld Trading Company,
2021-07-08,2021-07-15,Thursday,7,,Bridge Constructor: The Walking Dead,
,,,,,Ironcast,
2021-07-01,2021-07-08,Thursday,7,,The Spectrum Retreat,
2021-06-24,2021-07-01,Thursday,7,,Horizon Chase Turbo,
,,,,,Sonic Mania,
2021-06-17,2021-06-24,Thursday,7,,Hell is Other Demons,
,,,,,Overcooked! 2,
2021-06-10,2021-06-17,Thursday,7,,Control,
2021-06-03,2021-06-10,Thursday,7,,Frostpunk,
2021-05-27,2021-06-03,Thursday,7,,Among Us,
2021-05-20,2021-05-27,Thursday,7,,NBA 2K21,
2021-05-13,2021-05-20,Thursday,7,,The Lion's Song,
2021-05-06,2021-05-13,Thursday,7,,Pine,
,,,,pack,World of Warships Exclusive Starter Pack,
2021-04-29,2021-05-06,Thursday,7,pack,Idle Champions of the Forgotten Realms - Epic Champions of Renown Pack,
2021-04-22,2021-04-29,Thursday,7,pack2,Alien: Isolation - Last Survivor,
2021-04-22,2021-04-29,Thursday,7,dupe,Alien: Isolation,
,,,,,Hand of Fate 2,
2021-04-15,2021-04-22,Thursday,7,,Deponia: The Complete Journey,
,,,,,Ken Follett's The Pillars of the Earth,
,,,,,The First Tree,
2021-04-08,2021-04-15,Thursday,7,free,3 out of 10: Season Two,
2021-04-01,2021-04-08,Thursday,7,,Tales of the Neon Sea,
2021-03-25,2021-04-01,Thursday,7,,Creature in the Well,
2021-03-18,2021-03-25,Thursday,7,,The Fall,
2021-03-11,2021-03-18,Thursday,7,dupe,Surviving Mars,
2021-03-04,2021-03-11,Thursday,7,,Wargame: Red Dragon,
2021-02-25,2021-03-04,Thursday,7,,Sunless Sea,
2021-02-18,2021-02-25,Thursday,7,,Absolute Drift,
,,,,,RAGE 2,
2021-02-11,2021-02-18,Thursday,7,,Halcyon 6: Starbase Commander,
2021-02-04,2021-02-11,Thursday,7,dupe,For The King,
,,,,,Metro: Last Light Redux,
2021-01-28,2021-02-04,Thursday,7,,Dandara: Trials of Fear Edition ,
2021-01-21,2021-01-28,Thursday,7,,Galactic Civilizations III,
2021-01-14,2021-01-21,Thursday,7,,STAR WARS Battlefront II: Celebration Edition,
2021-01-07,2021-01-14,Thursday,7,,Crying Suns,
2020-12-31,2021-01-07,Thursday,7,,Jurassic World Evolution,
2020-12-30,2020-12-31,Wednesday,1,dupe,Torchlight II,
2020-12-29,2020-12-30,Tuesday,1,,Solitairica,
2020-12-28,2020-12-29,Monday,1,,Stranded Deep,
2020-12-27,2020-12-28,Sunday,1,,Night in the Woods,
2020-12-26,2020-12-27,Saturday,1,,My Time At Portia,
2020-12-25,2020-12-26,Friday,1,,Darkest Dungeon,
2020-12-24,2020-12-25,Thursday,1,dupe,INSIDE,
2020-12-23,2020-12-24,Wednesday,1,,Tropico 5,
2020-12-22,2020-12-23,Tuesday,1,dupe,Metro 2033 Redux,
2020-12-21,2020-12-22,Monday,1,,Alien: Isolation,
2020-12-20,2020-12-21,Sunday,1,,Defense Grid: The Awakening,
2020-12-19,2020-12-20,Saturday,1,,The Long Dark,
2020-12-18,2020-12-19,Friday,1,,Oddworld: New 'n' Tasty,
2020-12-17,2020-12-18,Thursday,1,,Cities: Skylines,
2020-12-10,2020-12-17,Thursday,7,,Pillars of Eternity: Definitive Edition,
,,,,,Tyranny: Gold Edition,
2020-12-03,2020-12-10,Thursday,7,,Cave Story+,
2020-11-26,2020-12-03,Thursday,7,,MudRunner,
2020-11-19,2020-11-26,Thursday,7,,Elite Dangerous,
,,,,,The World Next Door,
2020-11-12,2020-11-19,Thursday,7,,The Textorcist: The Story of Ray Bibbia,
2020-11-05,2020-11-12,Thursday,7,,Dungeons 3,
2020-10-29,2020-11-05,Thursday,7,,Blair Witch,
,,,,,Ghostbusters: The Video Game Remastered,
2020-10-22,2020-10-29,Thursday,7,,Costume Quest 2,
,,,,,Layers of Fear 2,
2020-10-15,2020-10-22,Thursday,7,,Amnesia: A Machine for Pigs,
,,,,dupe,Kingdom: New Lands,
2020-10-08,2020-10-15,Thursday,7,dupe,ABZÛ,
,,,,,Rising Storm 2: Vietnam,
2020-10-01,2020-10-08,Thursday,7,,Pikuniku,
2020-09-24,2020-10-01,Thursday,7,,RollerCoaster Tycoon 3: Complete Edition,
2020-09-17,2020-09-24,Thursday,7,,Football Manager 2020,
,,,,,Stick it to The Man!,
,,,,,Watch_Dogs 2,
2020-09-10,2020-09-17,Thursday,7,,Railway Empire,
,,,,,Where the Water Tastes Like Wine,
2020-09-03,2020-09-10,Thursday,7,dupe,Into the Breach,
2020-09-01,2020-10-02,Tuesday,31,pack2,Borderlands 2 - Commander Lilith & the Fight for Sanctuary,
2020-08-27,2020-09-03,Thursday,7,free,Hitman,
,,,,,Shadowrun Collection,Shadowrun Returns
,,,,,,Shadowrun: Dragonfall - Director's Cut
,,,,,,Shadowrun: Hong Kong - Extended Edition
2020-08-20,2020-08-27,Thursday,7,,God's Trigger,
,,,,dupe,Enter the Gungeon,
2020-08-13,2020-08-20,Thursday,7,,Remnant: From The Ashes,
,,,,,The Alto Collection,
2020-08-13,2020-08-14,Thursday,1,other,A Total War Saga: Troy,
2020-08-06,2020-08-13,Thursday,7,free,"3 out of 10, EP 1: ""Welcome To Shovelworks""",
,,,,,Wilmot's Warehouse,
2020-07-30,2020-08-06,Thursday,7,,20XX,
,,,,,Barony,
,,,,,Superbrothers: Sword & Sworcery EP,
2020-07-23,2020-07-30,Thursday,7,,Next Up Hero,
,,,,,Tacoma,
2020-07-16,2020-07-23,Thursday,7,,Torchlight II,
2020-07-09,2020-07-16,Thursday,7,,Killing Floor 2,
,,,,,Lifeless Planet: Premier Edition,
,,,,,The Escapists 2,
2020-07-02,2020-07-09,Thursday,7,,Hue,
2020-06-25,2020-07-02,Thursday,7,,Aer: Memories of Old,
,,,,,Stranger Things 3: The Game,
2020-06-18,2020-06-25,Thursday,7,,Pathway,
2020-06-11,2020-06-18,Thursday,7,,Ark: Survival Evolved,
,,,,,Samurai Shodown Neogeo Collection,
2020-06-04,2020-06-11,Thursday,7,dupe,Overcooked,
2020-05-28,2021-05-28,Thursday,365,other,Sludge Life,
2020-05-28,2020-06-04,Thursday,7,,Borderlands: The Handsome Collection,Borderlands 2
,,,,,,Borderlands: The Pre-Sequel
2020-05-21,2020-05-28,Thursday,7,,Sid Meier's Civilization VI,
2020-05-14,2020-05-21,Thursday,7,,Grand Theft Auto V,
2020-05-07,2020-05-14,Thursday,7,,Death Coming,
2020-04-30,2020-05-07,Thursday,7,,Amnesia: The Dark Descent,
,,,,,Crashlands,
2020-04-23,2020-04-30,Thursday,7,,For The King,
2020-04-16,2020-04-23,Thursday,7,,Just Cause 4,
,,,,,Wheels of Aurelia,
2020-04-09,2020-04-16,Thursday,7,,Close to the Sun,
,,,,,Sherlock Holmes: Crimes and Punishments,
2020-04-02,2020-04-09,Thursday,7,,Gone Home,
,,,,,Hob,
2020-04-01,2020-04-08,Wednesday,7,other,Totally Reliable Delivery Service,
2020-03-27,2020-04-09,Friday,13,other,Drawful 2,
2020-03-26,2020-04-02,Thursday,7,,Figment,
,,,,,Tormentor❌Punisher,
,,,,,World War Z,
2020-03-19,2020-03-26,Thursday,7,,The Stanley Parable,
,,,,,Watch_Dogs,
2020-03-12,2020-03-19,Thursday,7,,A Short Hike,
,,,,,Anodyne 2: Return to Dust,
,,,,,Mutazione,
2020-03-05,2020-03-12,Thursday,7,,GoNNER,
,,,,,Offworld Trading Company,
2020-02-27,2020-03-05,Thursday,7,,InnerSpace,
2020-02-20,2020-02-27,Thursday,7,,Assassin's Creed: Syndicate,
,,,,,Faeria,
2020-02-13,2020-02-20,Thursday,7,,Aztez,
,,,,,Kingdom Come: Deliverance,
2020-02-06,2020-02-13,Thursday,7,,Carcassonne,
,,,,,Ticket to Ride,
2020-01-30,2020-02-06,Thursday,7,,Farming Simulator 19,
2020-01-23,2020-01-30,Thursday,7,,The Bridge,
2020-01-16,2020-01-23,Thursday,7,,Horace,
2020-01-09,2020-01-16,Thursday,7,,Sundered: Eldritch Edition,
2020-01-01,2020-01-09,Wednesday,8,,Darksiders Fury's Collection,Darksiders: Warmastered Edition
,,,,,,Darksiders II: Deathinitive Edition
,,,,,Steep,
2019-12-31,2020-01-01,Tuesday,1,,Yooka-Laylee and the Impossible Lair,
2019-12-30,2019-12-31,Monday,1,,Hello Neighbor,
2019-12-29,2019-12-30,Sunday,1,,The Talos Principle,
2019-12-28,2019-12-29,Saturday,1,,Shadow Tactics: Blades of the Shogun,
2019-12-27,2019-12-28,Friday,1,dupe,Hyper Light Drifter,
2019-12-26,2019-12-27,Thursday,1,,FTL: Faster Than Light,
2019-12-25,2019-12-26,Wednesday,1,,Totally Accurate Battle Simulator,
2019-12-24,2019-12-25,Tuesday,1,dupe,Celeste,
2019-12-23,2019-12-24,Monday,1,,APE OUT,
2019-12-22,2019-12-23,Sunday,1,,Little Inferno,
2019-12-21,2019-12-22,Saturday,1,,SUPERHOT,
2019-12-20,2019-12-21,Friday,1,,TowerFall Ascension ,
2019-12-19,2019-12-20,Thursday,1,,Into the Breach,
2019-12-12,2019-12-19,Thursday,7,,The Escapists,
,,,,,The Wolf Among Us,
2019-12-05,2019-12-12,Thursday,7,,Jotun: Valhalla Edition,
2019-11-29,2019-12-06,Friday,7,,Rayman Legends,
2019-11-21,2019-11-29,Thursday,8,,Bad North: Jotunn Edition,
2019-11-14,2019-11-21,Thursday,7,,The Messenger,
2019-11-07,2019-11-14,Thursday,7,,Nuclear Throne,
,,,,,RUINER,
2019-10-31,2019-11-07,Thursday,7,,Costume Quest,
,,,,,SOMA,
2019-10-24,2019-10-31,Thursday,7,,Layers of Fear: Masterpiece Edition,
,,,,,Q.U.B.E. 2,
2019-10-17,2019-10-24,Thursday,7,,>observer_,
,,,,,Alan Wake's American Nightmare,
2019-10-10,2019-10-17,Thursday,7,,Surviving Mars,
2019-10-03,2019-10-10,Thursday,7,,Minit,
2019-09-26,2019-10-03,Thursday,7,,Everything,
,,,,,Metro 2033 Redux,
2019-09-19,2019-09-26,Thursday,7,,Batman Arkham - Trilogy,Batman: Arkham Asylum Game of the Year Edition
,,,,,,Batman: Arkham City - Game of the Year Edition
,,,,,,Batman: Arkham Knight
,,,,,Lego Batman Trilogy,LEGO Batman: The Videogame
,,,,,,LEGO Batman 2: DC Super Heroes
,,,,,,LEGO Batman 3: Beyond Gotham
2019-09-12,2019-09-19,Thursday,7,,Conarium,
2019-09-05,2019-09-12,Thursday,7,,ABZÛ,
,,,,,The End Is Nigh,
2019-08-29,2019-09-05,Thursday,7,,Celeste,
,,,,,INSIDE,
2019-08-22,2019-08-29,Thursday,7,,FEZ,
2019-08-15,2019-08-22,Thursday,7,,Hyper Light Drifter,
,,,,,Mutant Year Zero: Road to Eden,
2019-08-08,2019-08-15,Thursday,7,,GNOG,
2019-08-02,2019-08-09,Friday,7,,Alan Wake,
,,,,,For Honor - Standard Edition,
2019-07-25,2019-08-01,Thursday,7,,Moonlighter,
,,,,,This War of Mine,
2019-07-18,2019-07-25,Thursday,7,,LIMBO,
2019-07-11,2019-07-18,Thursday,7,,Torchlight,
2019-07-04,2019-07-11,Thursday,7,,Overcooked,
2019-06-27,2019-07-04,Thursday,7,,Last Day of June,
2019-06-20,2019-06-27,Thursday,7,,Rebel Galaxy,
2019-06-13,2019-06-20,Thursday,7,,Enter the Gungeon,
2019-06-06,2019-06-13,Thursday,7,,Kingdom: New Lands,
2019-05-30,2019-06-06,Thursday,7,,City of Brass,
2019-05-23,2019-05-30,Thursday,7,,RiME,
2019-05-16,2019-05-30,Thursday,14,,Stories Untold,
2019-05-02,2019-05-16,Thursday,14,,World of Goo,
2019-04-18,2019-05-02,Thursday,14,,Transistor,
2019-04-04,2019-04-18,Thursday,14,,The Witness,
2019-03-21,2019-04-04,Thursday,14,,Oxenfree,
2019-03-07,2019-03-21,Thursday,14,,Slime Rancher,
2019-02-21,2019-03-07,Thursday,14,,Thimbleweed Park,
2019-02-07,2019-02-22,Thursday,15,,Axiom Verge,
2019-01-24,2019-02-07,Thursday,14,,The Jackbox Party Pack,
2019-01-10,2019-01-24,Thursday,14,,What Remains of Edith Finch,
2018-12-28,2019-01-10,Friday,13,,Super Meat Boy,
2018-12-14,2018-12-27,Friday,13,,Subnautica,
FROM,TO,DAY,DAYS,TYPE,NAME,NAME / NOTES