Original_Title,HLTB_Found,HLTB_Game_Name,HLTB_Main_Story,HLTB_Main_Extra,HLTB_Completionist,HLTB_All_Styles,HLTB_Review_Score,HLTB_Platforms,HLTB_Release_World,HLTB_Similarity
DOOMBLADE,True,DOOMBLADE,10.83,13.25,16.62,13.94,70.0,PC,2023.0,1.0
Broken Sword : Reforged,True,Broken Sword: The Shadow of the Templars,9.99,10.69,11.12,10.28,79.0,"Game Boy Advance, Linux, Mac, Mobile, Nintendo DS, Nintendo Switch, Nintendo Switch 2, PC, PlayStation, PlayStation 4, PlayStation 5, Wii, Xbox One, Xbox Series X/S",1996.0,0.5396825396825397
The Stone of Madness,True,The Stone of Madness,26.27,37.33,0.0,28.51,70.0,"Nintendo Switch, PC, PlayStation 5, Xbox One",2025.0,1.0
Dumb Ways to Draw,True,Dumb Ways to Draw,0.0,0.0,0.0,0.0,0.0,Mobile,2019.0,1.0
Prop Sumo,True,Prop Sumo,0.0,0.0,0.0,0.0,20.0,PC,2026.0,1.0
Dumb Ways to Die 2: The Games,True,Dumb Ways to Die 2: The Games,8.72,0.0,0.0,8.72,57.0,Mobile,2014.0,1.0
Clone Drone in the Danger Zone,True,Clone Drone in the Danger Zone,2.14,15.54,37.91,7.01,72.0,"Nintendo Switch, PC, PlayStation 4, PlayStation 5, Xbox One, Xbox Series X/S",2017.0,1.0
TOMAK: Save the Earth Regeneration,False,,,,,,,,,
The Wreck,True,The Wreck,4.48,4.76,4.8,4.58,74.0,"Mac, Mobile, Nintendo Switch, PC, PlayStation 4, PlayStation 5, Xbox One, Xbox Series X/S",2023.0,1.0
Havendock,True,Havendock,22.02,27.74,27.95,24.53,57.0,PC,2023.0,1.0
Hyper Echelon,True,Hyper Echelon,9.83,9.92,0.0,9.89,57.0,"Mac, Nintendo Switch, PC, PlayStation 4",2021.0,1.0
Potion Permit,True,Potion Permit,20.91,27.57,34.77,29.71,71.0,"Mobile, Nintendo Switch, PC, PlayStation 4, PlayStation 5, Xbox One, Xbox Series X/S",2021.0,1.0
Electrician Simulator,True,Electrician Simulator,7.26,9.25,9.93,8.78,64.0,"Nintendo Switch, PC, PlayStation 4, PlayStation 5, Xbox One, Xbox Series X/S",2022.0,1.0
World of Warships — Epic Anniversary Tachibana Pack,False,,,,,,,,,
Wonder Boy: The Dragon's Trap,True,Wonder Boy: The Dragon's Trap,5.07,5.84,7.66,5.95,74.0,"Mobile, Nintendo Switch, PC, PlayStation 4, Xbox One",2017.0,1.0
Cozy Grove,True,Cozy Grove,73.2,100.49,140.37,104.56,75.0,"Mobile, Nintendo Switch, PC, PlayStation 4, Xbox One",2021.0,1.0
Isonzo,True,Isonzo,12.1,19.41,115.0,35.07,74.0,"Linux, Mac, PC, PlayStation 4, PlayStation 5, Xbox One, Xbox Series X/S",2022.0,1.0
Little Nightmares,False,,,,,,,,,
Idle Champions of the Forgotten Realms - Raistlin's Renown Pack,False,,,,,,,,,
Idle Champions of the Forgotten Realms - Dragonlance Pack,False,,,,,,,,,
Turnip Boy Robs a Bank,True,Turnip Boy Robs a Bank,3.97,4.98,6.03,5.16,74.0,"Mobile, Nintendo Switch, PC, Xbox One",2024.0,1.0
Boxes: Lost Fragments,True,Boxes: Lost Fragments,3.79,3.83,4.05,3.97,74.0,"Mobile, PC",2024.0,1.0
My Night Job,True,My Night Job,0.0,0.0,0.0,0.0,17.0,PC,2016.0,1.0
Residual,True,Residual,3.0,0.0,0.0,3.0,0.0,"Linux, Nintendo Switch, PC, PlayStation 4, PlayStation 5, Xbox One, Xbox Series X/S",2021.0,1.0
Return to Ash,True,Return to Ash,1.16,2.1,3.42,2.01,66.0,"Linux, Mac, PC",2025.0,1.0
STALCRAFT: X Edition Starter,False,,,,,,,,,
The Darkside Detective: A Fumble in the Dark,True,The Darkside Detective: A Fumble in the Dark,7.85,10.63,11.02,9.61,78.0,"Google Stadia, Linux, Mac, Nintendo Switch, PC, PlayStation 5, Xbox One",2021.0,1.0
Nobody Wants to Die,True,Nobody Wants to Die,5.75,6.59,8.25,6.24,73.0,"PC, PlayStation 5, Xbox Series X/S",2024.0,1.0
Botany Manor,True,Botany Manor,3.43,3.93,4.14,3.92,78.0,"Nintendo Switch, PC, PlayStation 4, PlayStation 5, Xbox One, Xbox Series X/S",2024.0,1.0
Poison Retro Set,False,,,,,,,,,
Faily Brakes 2,True,Faily Brakes 2,0.0,0.0,0.0,0.0,0.0,Mobile,2020.0,1.0
Definitely Not Fried Chicken,True,Definitely Not Fried Chicken,0.0,0.0,24.92,24.92,65.0,PC,2023.0,1.0
The Forest Quartet,True,The Forest Quartet,1.29,1.38,1.51,1.37,71.0,"Mobile, Nintendo Switch, PC, PlayStation 4, PlayStation 5",2022.0,1.0
Rustler (Grand Theft Horse),False,,,,,,,,,
Dumb Ways to Die,True,Dumb Ways to Die,0.96,0.0,8.78,4.87,59.0,Mobile,2013.0,1.0
Styx: Master of Shadows,True,Styx: Master of Shadows,16.99,22.37,41.63,23.01,70.0,"PC, PlayStation 4, Xbox One",2014.0,1.0
Styx: Shards of Darkness,True,Styx: Shards of Darkness,12.2,16.58,29.8,16.69,73.0,"PC, PlayStation 4, Xbox One",2017.0,1.0
Bouncemasters,True,Bouncemasters,2.42,0.0,0.0,2.42,70.0,"Mobile, PC",2018.0,1.0
Bloons TD 6,True,Bloons TD 6,36.42,117.22,591.21,116.69,78.0,"Mac, Mobile, PC, PlayStation 4, Xbox One",2018.0,1.0
Skul: The Hero Slayer,True,Skul: The Hero Slayer,20.49,40.39,62.06,28.95,70.0,"Linux, Mac, Mobile, Nintendo Switch, PC, PlayStation 4, Xbox One",2021.0,1.0
Total War: THREE KINGDOMS,True,Total War: Three Kingdoms,46.03,67.2,672.95,72.3,77.0,"Linux, Mac, PC",2019.0,0.56
Wildgate: Standard Edition,False,,,,,,,,,
Chivalry 2,True,Chivalry II,13.61,43.26,70.58,37.12,73.0,"PC, PlayStation 4, PlayStation 5, Xbox One, Xbox Series X/S",2022.0,1.0
Trine Classic Collection,True,Trine: Ultimate Collection,0.0,34.84,52.88,40.84,76.0,"Nintendo Switch, PC, PlayStation 4, Xbox One",2019.0,1.0
Trine 2: Complete Story,True,Trine 2: Complete Story,9.08,13.53,34.71,13.75,74.0,"Linux, Mac, Nintendo Switch, PC, PlayStation 4, Wii U, Xbox One",2013.0,1.0
Trine 3: The Artifacts of Power,True,Trine 3: The Artifacts of Power,4.94,6.05,7.01,6.14,65.0,"Linux, Mac, Nintendo Switch, PC, PlayStation 4, Xbox One",2015.0,1.0
Trine 4: The Nightmare Prince,True,Trine 4: The Nightmare Prince,10.22,12.82,15.56,13.11,78.0,"Google Stadia, Nintendo Switch, PC, PlayStation 4, Xbox One",2019.0,1.0
Viewfinder,True,Viewfinder,4.11,5.13,6.2,5.12,78.0,"Nintendo Switch, PC, PlayStation 4, PlayStation 5, Xbox Series X/S",2023.0,1.0
SKALD: Against the Black Priory,True,SKALD: Against the Black Priory,16.91,20.53,26.65,22.55,79.0,"Mac, PC",2024.0,1.0
Cassette Beasts,True,Cassette Beasts,19.75,27.28,54.48,28.52,80.0,"Linux, Nintendo Switch, PC, Xbox One, Xbox Series X/S",2023.0,1.0
We Were Here Together,True,We Were Here Together,6.54,7.49,8.93,7.17,75.0,"PC, PlayStation 4, Xbox One",2019.0,1.0
Monument Valley,True,Monument Valley,1.46,2.34,2.73,2.12,81.0,"Mobile, Nintendo Switch, PC, PlayStation 4, PlayStation 5, Xbox One, Xbox Series X/S",2014.0,1.0
Monument Valley 2,True,Monument Valley 2,1.55,1.68,1.73,1.67,80.0,"Mobile, Nintendo Switch, PC, PlayStation 4, PlayStation 5, Xbox One, Xbox Series X/S",2017.0,1.0
Disco Elysium: The Final Cut,True,Disco Elysium,23.73,33.12,48.08,32.0,89.0,"Google Stadia, Mac, Nintendo Switch, PC, PlayStation 4, PlayStation 5, Xbox One, Xbox Series X/S",2019.0,1.0
The Callisto Protocol,True,The Callisto Protocol,10.1,12.07,15.69,11.36,69.0,"PC, PlayStation 4, PlayStation 5, Xbox One, Xbox Series X/S",2022.0,1.0
Bloodstained: Ritual of the Night,True,Bloodstained: Ritual of the Night,14.04,20.68,35.58,21.35,79.0,"Amazon Luna, Google Stadia, Mobile, Nintendo Switch, PC, PlayStation 4, Xbox One",2019.0,1.0
Train Sim World® 6: Spirit of Steam: Liverpool Lime Street - Crewe,False,,,,,,,,,
Paradise Killer,True,Paradise Killer,11.57,14.17,15.26,14.13,81.0,"Nintendo Switch, PC, PlayStation 4, PlayStation 5, Xbox One, Xbox Series X/S",2020.0,1.0
Sorry We're Closed,True,Sorry We're Closed,6.92,8.24,12.09,7.77,78.0,"Nintendo Switch, PC, PlayStation 4, PlayStation 5, Xbox One, Xbox Series X/S",2024.0,1.0
Blood West,True,Blood West,13.56,22.01,34.73,22.39,74.0,"PC, PlayStation 5, Xbox Series X/S",2022.0,1.0
Eternights,True,Eternights,11.55,13.12,17.26,12.88,71.0,"Nintendo Switch, PC, PlayStation 4, PlayStation 5",2023.0,1.0
Shotgun King: The Final Checkmate,True,Shotgun King: The Final Checkmate,1.51,9.49,47.55,3.65,71.0,"Mobile, Nintendo Switch, PC, PlayStation 4, PlayStation 5, Xbox One, Xbox Series X/S",2022.0,1.0
Jotunnslayer: Hordes of Hel,True,Jotunnslayer: Hordes of Hel,6.18,10.63,21.8,8.94,70.0,"PC, PlayStation 5, Xbox Series X/S",2025.0,1.0
Hogwarts Legacy,True,Hogwarts Legacy,26.69,45.23,72.02,47.74,79.0,"Nintendo Switch, Nintendo Switch 2, PC, PlayStation 4, PlayStation 5, Xbox One, Xbox Series X/S",2023.0,1.0
Dead Cells,True,Dead Cells,14.07,32.01,90.96,21.78,82.0,"Linux, Mac, Mobile, Nintendo Switch, PC, PlayStation 4, PlayStation 5, Xbox One",2018.0,1.0
The Darkside Detective,True,The Darkside Detective,3.71,5.67,6.47,5.24,75.0,"Google Stadia, Linux, Mac, Mobile, Nintendo Switch, PC, PlayStation 4, PlayStation 5, Xbox One",2017.0,1.0
Jackbox Party Pack 4,True,The Jackbox Party Pack 4,3.76,7.05,7.45,5.67,72.0,"Nintendo Switch, PC, PlayStation 4, Xbox One",2017.0,0.9090909090909092
Universe for Sale,True,Universe For Sale,5.29,5.36,6.2,5.53,72.0,"Linux, Mac, Mobile, Nintendo Switch, PC, PlayStation 4, PlayStation 5, Xbox One, Xbox Series X/S",2021.0,0.9411764705882352
Zoeti,True,Zoeti,7.36,9.19,0.0,7.88,57.0,PC,2023.0,1.0
Godzilla Voxel Wars,True,Godzilla Voxel Wars,18.73,0.0,0.0,18.73,48.0,"Mac, Nintendo Switch, PC",2023.0,1.0
Scourgebringer,True,ScourgeBringer,8.13,11.23,13.43,10.31,70.0,"Mobile, Nintendo Switch, PC, PlayStation 4, PlayStation Vita, Xbox One",2020.0,0.9285714285714286
Songs of Silence,True,Songs of Silence,12.82,30.0,57.5,24.12,63.0,"PC, PlayStation 5, Xbox Series X/S",2024.0,1.0
Zero Hour,True,Zero Hour,14.36,0.0,0.0,14.36,62.0,PC,2020.0,1.0
Idle Champions of the Forgotten Realms - Nixie's Champions of Renown Pack,False,,,,,,,,,
Felix The Reaper,True,Felix The Reaper,4.89,7.48,10.64,6.03,58.0,"Mobile, Nintendo Switch, PC, PlayStation 4, Xbox One",2019.0,1.0
Bendy and the Ink Machine,True,Bendy and the Ink Machine,4.58,7.02,11.85,5.57,67.0,"Mobile, Nintendo Switch, PC, PlayStation 4, PlayStation 5, Xbox One, Xbox Series X/S",2018.0,1.0
Five Nights at Freddy's: Into the Pit,True,Five Nights at Freddy's: Into the Pit,4.16,5.55,16.56,5.2,75.0,"Nintendo Switch, PC, PlayStation 4, PlayStation 5, Xbox One, Xbox Series X/S",2024.0,1.0
Doodle Farm: Breeds and Beasts,False,,,,,,,,,
Fear the Spotlight,True,Fear The Spotlight,3.6,4.59,6.22,4.57,77.0,"Linux, Mac, Nintendo Switch, PC, PlayStation 4, PlayStation 5, Xbox One, Xbox Series X/S",2024.0,0.9444444444444444
Samorost 3,True,Samorost 3,4.64,5.12,5.13,5.02,77.0,"Mobile, PC",2016.0,1.0
Amnesia: The Bunker,True,Amnesia: The Bunker,5.44,7.38,13.5,6.75,77.0,"Nintendo Switch, PC, PlayStation 4, Xbox One, Xbox Series X/S",2023.0,1.0
Double Dragon Trilogy,True,Double Dragon Trilogy,1.98,2.15,7.45,2.88,53.0,PC,2015.0,1.0
Albion Online - Rogue Journeyman Bundle,False,,,,,,,,,
Gravity Circuit,True,Gravity Circuit,4.83,6.17,13.52,6.17,81.0,"Linux, Mac, Nintendo Switch, PC, PlayStation 4, PlayStation 5",2023.0,1.0
Doodle Devil: Dark Side,False,,,,,,,,,
Firestone Online Idle RPG - Special Offer,False,,,,,,,,,
Nightingale,True,Nightingale,26.38,51.23,124.0,41.2,56.0,PC,2024.0,1.0
Eastern Exorcist,True,Eastern Exorcist,5.01,8.71,15.64,7.88,67.0,"Mobile, Nintendo Switch, PC, PlayStation 4, Xbox One, Xbox Series X/S",2020.0,1.0
Jorel’s Brother and The Most Important Game of the Galaxy,False,,,,,,,,,
Road Redemption Mobile - Full Game,False,,,,,,,,,
Samorost 2,True,Samorost 2,1.05,1.07,1.11,1.06,68.0,"Browser, Mobile, PC",2009.0,1.0
Project Winter,True,Project Winter,9.82,19.78,123.78,49.2,66.0,"PC, Xbox One",2019.0,1.0
The Battle of Polytopia,True,The Battle of Polytopia,1.33,3.38,12.55,2.21,65.0,"Linux, Mac, Mobile, PC",2020.0,1.0
Ghostrunner 2,True,Ghostrunner II,8.41,11.16,17.04,10.49,76.0,"PC, PlayStation 5, Xbox Series X/S",2023.0,1.0
Machinarium,True,Machinarium,5.11,5.34,5.99,5.3,77.0,"Mobile, Nintendo Switch, PC, PlayStation 3, PlayStation 4, PlayStation Vita, Xbox One",2009.0,1.0
Make Way,True,Make Way,1.93,8.1,0.0,4.87,70.0,"Nintendo Switch, PC, PlayStation 4, PlayStation 5, Xbox One, Xbox Series X/S",2023.0,1.0
Strange Horticulture,True,Strange Horticulture,5.65,6.65,9.12,6.78,78.0,"Amazon Luna, Mobile, Nintendo Switch, PC, PlayStation 4, Xbox One, Xbox Series X/S",2022.0,1.0
Kamaeru,True,Kamaeru: A Frog Refuge,4.89,8.58,14.09,8.22,62.0,"Linux, Mac, Nintendo Switch, PC, Xbox Series X/S",2024.0,0.4827586206896552
Hidden Folks,True,Hidden Folks,3.68,4.98,7.43,6.48,70.0,"Mobile, PC, Nintendo Switch",2017.0,1.0
Totally Reliable Delivery Service Standard Edition,False,,,,,,,,,
112 Operator,False,,,,,,,,,
Road Redemption,True,Road Redemption,5.72,10.61,37.9,8.9,65.0,"PC, PlayStation 4, Xbox One",2014.0,1.0
Pilgrims,True,Pilgrims,0.86,1.22,2.04,1.31,74.0,"Linux, Mac, Mobile, Nintendo Switch, PC",2019.0,1.0
Keylocker | Turn Based Cyberpunk Action,True,Keylocker,20.0,25.47,0.0,23.39,75.0,"Nintendo Switch, PC, PlayStation 4, PlayStation 5, Xbox Series X/S",2024.0,1.0
Doodle Mafia: Epic Alchemy,False,,,,,,,,,
Legion TD 2,True,Legion TD 2,3.88,6.01,0.0,4.56,66.0,PC,2017.0,1.0
There Is No Game: Wrong Dimension,True,There Is No Game: Wrong Dimension,4.98,5.64,6.19,5.38,80.0,"Mobile, Nintendo Switch, PC",2020.0,1.0
Sid Meier’s Civilization® VI Platinum Edition,False,,,,,,,,,
Figment 2: Creed Valley,True,Figment 2: Creed Valley,4.07,4.45,6.14,4.67,78.0,"Google Stadia, Nintendo Switch, PC, PlayStation 4, PlayStation 5, Xbox One, Xbox Series X/S",2023.0,1.0
Sky Racket,True,Sky Racket,2.42,6.0,10.0,3.6,73.0,"Nintendo Switch, PC",0.0,1.0
Figment,True,Figment 2: Creed Valley,4.07,4.45,6.14,4.67,78.0,"Google Stadia, Nintendo Switch, PC, PlayStation 4, PlayStation 5, Xbox One, Xbox Series X/S",2023.0,0.4666666666666667
Backpack Hero,True,Backpack Hero,11.53,46.38,57.89,38.9,70.0,"Linux, Mac, Nintendo Switch, PC",2022.0,1.0
Cultist Simulator,True,Cultist Simulator,19.37,40.2,109.73,31.49,65.0,"Mobile, Nintendo Switch, PC",2018.0,1.0
Sable,True,Sable,7.42,14.12,20.78,15.29,67.0,"PC, PlayStation 4, PlayStation 5, Xbox One, Xbox Series X/S",2021.0,1.0
Doodle God: Infinite Alchemy Merge,False,,,,,,,,,
The Operator,False,,,,,,,,,
shapez,True,shapez.io,26.61,40.77,45.02,34.8,72.0,"Browser, Mobile, PC",2020.0,1.0
DC Heroes United’s - Super Power Batman Bundle DLC,False,,,,,,,,,
Two Point Hospital,True,Two Point Hospital,38.23,73.58,127.54,68.36,73.0,"Mac, Nintendo Switch, PC, PlayStation 4, Xbox One",2018.0,1.0
Ogu and the Secret Forest,True,Ogu and the Secret Forest,13.0,16.19,25.37,18.47,75.0,"Mac, Mobile, Nintendo Switch, PC",2023.0,1.0
Deathloop,True,Deathloop,16.38,24.47,36.03,23.07,77.0,"PC, PlayStation 5, Xbox Series X/S",2021.0,1.0
Hell Let Loose - Summer Warfare Pack,False,,,,,,,,,
LIMBO,False,,,,,,,,,
Tiny Tina's Wonderlands,True,Tiny Tina's Wonderlands,16.11,28.92,52.06,28.47,71.0,"PC, PlayStation 4, PlayStation 5, Xbox One, Xbox Series X/S",2022.0,1.0
Gigapocalypse,True,Gigapocalypse,3.14,4.0,35.0,4.94,61.0,"Mobile, Nintendo Switch, PC, PlayStation 4, Xbox One",2021.0,1.0
Deliver At All Cost,True,Deliver At All Costs,8.4,12.11,16.44,10.35,67.0,"PC, PlayStation 5, Xbox Series X/S",2025.0,0.9743589743589743
Sifu,True,Sifu,7.79,14.07,22.26,11.93,80.0,"Nintendo Switch, PC, PlayStation 4, PlayStation 5, Xbox One, Xbox Series X/S",2022.0,1.0
Fortnite -- Frosted Skyline Pack,False,,,,,,,,,
Happy Game,True,Happy Game,2.06,2.24,2.45,2.19,66.0,"Mac, Mobile, Nintendo Switch, PC",2021.0,1.0
Dead Island 2,True,Dead Island 2,16.14,26.63,39.01,23.95,74.0,"PC, PlayStation 4, PlayStation 5, Xbox One, Xbox Series X/S",2023.0,1.0
Asphalt Legends UNITE: Triple Decal Pack,False,,,,,,,,,
Disney Speedstorm - Monochromatic Pack - Racer Ariel,False,,,,,,,,,
Fall Guys - Digi Costume,False,,,,,,,,,
Infinity Nikki MEGA Sale Bundle,False,,,,,,,,,
Neverwinter - Epic Starter Pack,False,,,,,,,,,
RAWMEN Sakura Gusoku Cosmetic Set,False,,,,,,,,,
Rocket League® - TriTrim Wheels,False,,,,,,,,,
SMITE 2 Thanatoasty Bundle,False,,,,,,,,,
Star Trek Online - Epic Starter Pack Bundle,False,,,,,,,,,
World of Warships — Courbet Epic Plunder Pack,False,,,,,,,,,
World of Warships x Azur Lane — Quest for AL Avrora,False,,,,,,,,,
Wuthering Waves Giveaway,False,,,,,,,,,
MR RACER: Premium,False,,,,,,,,,
Deadtime Defenders,True,Deadtime Defenders,1.72,4.27,0.0,2.13,61.0,PC,2020.0,1.0
Touch Type Tale,True,Touch Type Tale,11.17,27.6,0.0,13.51,54.0,PC,2023.0,1.0
LEGO® Star Wars™: The Skywalker Saga,False,,,,,,,,,
Super Space Club,True,Super Space Club,1.5,0.0,0.0,1.5,44.0,PC,2023.0,1.0
Chuchel,True,Chuchel,2.08,2.31,2.61,2.33,68.0,"Mobile, PC",2018.0,1.0
Loop Hero,True,Loop Hero,28.56,37.13,54.99,37.09,75.0,"Mobile, Nintendo Switch, PC, Xbox One, Xbox Series X/S",2021.0,1.0
Albion Online - Free Welcome Gift,False,,,,,,,,,
Botanicula,True,Botanicula,3.45,3.83,4.94,3.94,75.0,"Mobile, PC",2012.0,1.0
Bridge Constructor: The Walking Dead,True,Bridge Constructor: The Walking Dead,8.62,10.91,14.63,10.55,64.0,"Linux, Mac, PC, PlayStation 4, PlayStation 5, Xbox One, Xbox Series X/S",2020.0,1.0
Arcadgeddon Promo bundle,False,,,,,,,,,
Idle Champions of the Forgotten Realms - Astarion's Champions of Renown Pack,False,,,,,,,,,
River City Girls,True,River City Girls,6.94,8.54,15.83,8.41,75.0,"Nintendo Switch, PC, PlayStation 4, PlayStation 5, Xbox One",2019.0,1.0
Doodle Kingdom: Medieval,False,,,,,,,,,
Cat Quest II,True,Cat Quest II,7.54,9.59,12.59,10.69,76.0,"Mobile, Nintendo Switch, PC, PlayStation 4, Xbox One",2019.0,1.0
Evoland 2,True,Evoland 2,17.12,20.45,28.19,22.89,74.0,"Mobile, PC, Nintendo Switch, PlayStation 4",2015.0,1.0
Out There - Omega Edition,False,,,,,,,,,
Cat Quest,True,Cat Quest,5.62,7.99,10.67,8.03,73.0,"Mobile, PC, Nintendo Switch, PlayStation 4",2017.0,1.0
"Neko Ghost, Jump",True,"Neko Ghost, Jump!",0.0,0.0,0.0,0.0,31.0,"Linux, PC",2022.0,0.9696969696969697
Dragon Age: The Veilguard - Rook’s Weapons Appearance,False,,,,,,,,,
Super Meat Boy Forever Mobile,False,,,,,,,,,
Jurassic World Evolution 2,True,Jurassic World Evolution 2,5.93,35.7,104.57,19.48,73.0,"PC, PlayStation 4, PlayStation 5, Xbox One, Xbox Series X/S",2021.0,1.0
Mortal Shell,True,Mortal Shell,10.62,14.17,22.98,13.18,67.0,"Nintendo Switch, PC, PlayStation 4, PlayStation 5, Xbox One, Xbox Series X/S",2020.0,1.0
World of Warships — Anniversary Party Favor,False,,,,,,,,,
Them's Fightin' Herds,True,Them's Fightin' Herds,4.25,5.09,0.0,4.31,57.0,"Linux, Mac, Nintendo Switch, PC, PlayStation 4, PlayStation 5, Xbox One, Xbox Series X/S",2018.0,1.0
Mages of Mystralia,True,Mages of Mystralia,8.74,11.33,14.24,11.77,67.0,"PC, PlayStation 4",2017.0,1.0
STAR WARS™ Knights of the Old Republic™,False,,,,,,,,,
STAR WARS™ Knights of the Old Republic™ II - The Sith Lords™,False,,,,,,,,,
Garden Story,True,Garden Story,10.74,14.39,19.55,15.61,71.0,"Nintendo Switch, PC, Xbox One",2021.0,1.0
World War Z: Aftermath,True,World War Z: Aftermath,10.24,19.05,72.44,16.62,73.0,"PC, PlayStation 4, PlayStation 5, Xbox One, Xbox Series X/S",2021.0,1.0
Apex Legends™: Loba Free Unlock Bundle,False,,,,,,,,,
F1® Manager 2024,False,,,,,,,,,
Beyond Blue,True,Beyond Blue,2.65,3.98,5.41,3.84,68.0,"Mobile, Nintendo Switch, PC, PlayStation 4, Xbox One",2020.0,1.0
HUMANKIND™,False,,,,,,,,,
Undying,True,Undying,25.56,32.28,0.0,29.24,65.0,"Mac, Nintendo Switch, PC, PlayStation 5, Xbox Series X/S",2021.0,1.0
Dying Light - 10th Anniversary Bundle,False,,,,,,,,,
Dungeon of the Endless: Apogee,False,,,,,,,,,
Behind the Frame: The Finest Scenery,True,Behind the Frame: The Finest Scenery,1.2,1.56,1.93,1.54,74.0,"Mobile, Nintendo Switch, PC, PlayStation 4",2021.0,1.0
Escape Academy,True,Escape Academy,5.01,5.63,5.88,5.24,74.0,"Nintendo Switch, PC, PlayStation 4, PlayStation 5, Xbox One, Xbox Series X/S",2022.0,1.0
Turmoil,True,Turmoil,7.75,10.79,25.98,8.76,70.0,"Mac, Mobile, Nintendo Switch, PC",2016.0,1.0
Hell Let Loose,True,Hell Let Loose,35.92,1200.0,2610.0,520.75,70.0,"PC, PlayStation 5, Xbox Series X/S",2021.0,1.0
Kingdom Come: Deliverance,True,Kingdom Come: Deliverance,42.56,80.33,136.34,79.39,81.0,"Nintendo Switch, PC, PlayStation 4, Xbox One",2018.0,1.0
SIFU,False,,,,,,,,,
[REDACTED],True,[REDACTED],10.45,16.85,25.58,12.17,63.0,"PC, PlayStation 5, Xbox Series X/S",2024.0,1.0
Orcs Must Die! 3,True,Orcs Must Die! 3,10.11,16.23,49.52,15.46,74.0,"Google Stadia, PC, PlayStation 4, Xbox One, Xbox Series X/S",2021.0,1.0
Kill Knight,True,Kill Knight,6.0,14.3,38.14,11.79,78.0,"Nintendo Switch, PC, PlayStation 4, PlayStation 5, Xbox One, Xbox Series X/S",2024.0,1.0
HOT WHEELS UNLEASHED™,False,,,,,,,,,
Control,True,Control,11.71,19.2,28.9,17.64,80.0,"PC, PlayStation 4, PlayStation 5, Xbox One, Xbox Series X/S",2019.0,1.0
Dredge,True,Dredge,9.69,12.79,20.39,13.74,81.0,"Mobile, Nintendo Switch, PC, PlayStation 4, PlayStation 5, Xbox One, Xbox Series X/S",2023.0,1.0
Dark and Darker - Legendary Status,False,,,,,,,,,
Wizard of Legend,True,Wizard of Legend,8.62,16.25,26.41,17.55,72.0,"Linux, Mac, Nintendo Switch, PC, PlayStation 4, Xbox One",2018.0,1.0
TerraTech,True,TerraTech,24.31,29.0,52.5,36.22,65.0,PC,2015.0,1.0
Astrea: Six Sided Oracles,True,Astrea: Six-Sided Oracles,12.38,21.54,42.07,15.01,80.0,"Nintendo Switch, PC, PlayStation 4, PlayStation 5, Xbox One, Xbox Series X/S",2023.0,0.96
Train Sim World® 5: Sherman Hill: Cheyenne - Laramie,False,,,,,,,,,
Vampire Survivors,True,Vampire Survivors,14.93,28.03,52.65,35.68,82.0,"Mac, Mobile, Nintendo Switch, PC, PlayStation 4, PlayStation 5, Xbox One, Xbox Series X/S",2022.0,1.0
The Lord of the Rings™: Return to Moria™,False,,,,,,,,,
Bus Simulator 21 Next Stop,True,Bus Simulator 21,25.22,26.0,51.5,43.46,56.0,"PC, PlayStation 4, Xbox One",2021.0,0.9811320754716981
Brotato,True,Brotato,5.4,22.76,63.65,34.1,77.0,"Mobile, Nintendo Switch, PC, PlayStation 4, PlayStation 5, Xbox One, Xbox Series X/S",2023.0,1.0
Beholder,True,Beholder,6.08,10.49,21.41,8.72,69.0,"Mobile, Nintendo Switch, PC, PlayStation 4, Xbox One",2016.0,1.0
Castlevania Anniversary Collection,True,Castlevania Anniversary Collection,22.51,27.86,29.01,25.99,78.0,"Nintendo Switch, PC, PlayStation 4, Xbox One",2019.0,1.0
Snakebird Complete,True,Snakebird Complete,4.27,6.69,9.91,6.64,72.0,"Nintendo Switch, PC",2023.0,1.0
Apex Legends™: Ash Free Unlock Bundle,False,,,,,,,,,
Deceive Inc.,True,Deceive Inc.,10.05,0.0,70.37,35.5,60.0,"PC, PlayStation 5, Xbox Series X/S",2023.0,1.0
Ghostwire: Tokyo,True,Ghostwire: Tokyo,11.35,22.83,42.12,21.91,73.0,"PC, PlayStation 5, Xbox Series X/S",2022.0,1.0
Witch It,True,Witch It,1.58,17.62,0.0,6.17,65.0,PC,2017.0,1.0
Moving Out,True,Moving Out,5.22,10.02,18.45,8.03,71.0,"Nintendo Switch, PC, PlayStation 4, Xbox One",2020.0,1.0
Invincible Presents: Atom Eve,False,,,,,,,,,
Kardboard Kings,True,Kardboard Kings: Card Shop Simulator,3.18,11.6,25.44,5.96,64.0,"Nintendo Switch, PC",2022.0,0.5882352941176471
Empyrion - Galactic Survival,False,,,,,,,,,
Outliver: Tribulation,True,Outliver: Tribulation,2.45,3.42,3.64,3.44,45.0,PC,2023.0,1.0
World of Warships x TMNT — Mission: Free Permanent Camo Unlock,False,,,,,,,,,
Bear and Breakfast,True,Bear and Breakfast,21.61,25.94,35.29,31.1,66.0,"Nintendo Switch, PC, PlayStation 4, PlayStation 5",2022.0,1.0
The Spirit and the Mouse,False,,,,,,,,,
The Last Stand: Aftermath,False,,,,,,,,,
TOEM,True,TOEM 2,0.0,0.0,0.0,0.0,0.0,"Nintendo Switch, PC, PlayStation 5",2026.0,0.8
Rugrats: Adventures in Gameland,True,Rugrats: Adventures in Gameland,1.67,2.01,2.3,2.07,58.0,"NES, Nintendo Switch, PC, PlayStation 4, PlayStation 5, Xbox One, Xbox Series X/S",2024.0,1.0
SUPER CRAZY RHYTHM CASTLE,False,,,,,,,,,
Football Manager 2024,True,Football Manager 2024,138.52,224.0,415.58,193.86,82.0,"Mac, Mobile, Nintendo Switch, PC, PlayStation 5, Xbox One, Xbox Series X/S",2023.0,1.0
Sniper Ghost Warrior Contracts,False,,,,,,,,,
Fallout® Classic Collection,False,,,,,,,,,
Fallout 2: A Post Nuclear Role Playing Game,False,,,,,,,,,
Fallout Tactics: Brotherhood of Steel,True,Fallout Tactics: Brotherhood of Steel,25.57,45.64,49.23,40.86,63.0,PC,2001.0,1.0
Wild Card Football,True,Wild Card Football,28.23,0.0,0.0,28.23,53.0,"Nintendo Switch, PC, PlayStation 4, PlayStation 5, Xbox One, Xbox Series X/S",2023.0,1.0
Gigantic: Rampage Edition,True,Gigantic,23.2,0.0,0.0,23.2,52.0,"PC, PlayStation 4, PlayStation 5, Xbox One, Xbox Series X/S",2024.0,1.0
Death's Gambit: Afterlife,True,Death's Gambit: Afterlife,14.35,20.26,42.43,19.26,76.0,"Nintendo Switch, PC, PlayStation 4, Xbox Series X/S",2018.0,1.0
World of Warships — Starter Pack: Albany,False,,,,,,,,,
Apex Legends™: Conduit Free Unlock Bundle,False,,,,,,,,,
CYGNI - All Guns Blazing,False,,,,,,,,,
DNF Duel,True,DNF Duel,1.62,14.56,113.36,4.76,68.0,"Nintendo Switch, PC, PlayStation 4, PlayStation 5",2022.0,1.0
LumbearJack,True,LumbearJack,1.55,1.81,2.04,1.87,69.0,"Nintendo Switch, PC, Xbox One, Xbox Series X/S",2022.0,1.0
RAWMEN: Food Fighter Arena 🍜,False,,,,,,,,,
F.I.S.T.: Forged In Shadow Torch,True,F.I.S.T.: Forged In Shadow Torch,12.47,16.67,20.27,16.73,75.0,"Nintendo Switch, PC, PlayStation 4, PlayStation 5, Xbox Series X/S",2021.0,1.0
Olympics™ Go! Paris 2024 - Exclusive Outfits pack,False,,,,,,,,,
Arcade Paradise,True,Arcade Paradise,25.0,28.33,46.82,28.89,70.0,"Nintendo Switch, PC, PlayStation 4, PlayStation 5, Xbox One, Xbox Series X/S",2022.0,1.0
Maid of Sker,True,Maid of Sker,4.43,5.19,6.41,4.87,64.0,"Nintendo Switch, PC, PlayStation 4, Xbox One",2020.0,1.0
Floppy Knights,True,Floppy Knights,9.68,18.42,23.69,17.76,67.0,"Mac, Nintendo Switch, PC, Xbox One",2022.0,1.0
The Falconeer: Standard Edition,False,,,,,,,,,
Sunless Skies: Sovereign Edition,False,,,,,,,,,
Freshly Frosted,True,Freshly Frosted,6.13,7.51,7.67,7.31,74.0,"Nintendo Switch, PC, PlayStation 4, Xbox One",2022.0,1.0
Rumble Club - Free Game of the Week Bonus,False,,,,,,,,,
Crime Boss: Rockay City - Cagnali's Order,True,Crime Boss: Rockay City - Cagnali's Order,2.89,0.0,0.0,2.89,57.0,"PC, PlayStation 5, Xbox Series X/S",2024.0,1.0
Crime Boss: Rockay City - Dragon's Gold Cup,True,Crime Boss: Rockay City - Dragon's Gold Cup,4.38,0.0,0.0,4.38,50.0,"PC, PlayStation 5, Xbox Series X/S",2023.0,1.0
Crime Boss: Rockay City - Heavy Hitters Pack,False,,,,,,,,,
Crime Boss: Rockay City - Tactical Weapon Pack,False,,,,,,,,,
Idle Champions of the Forgotten Realms - Dungeon & Dragons Pack,False,,,,,,,,,
Redout 2,True,Redout II,32.58,49.77,0.0,46.81,68.0,"Nintendo Switch, PC, PlayStation 4, PlayStation 5, Xbox One, Xbox Series X/S",2022.0,1.0
Marvel’s Midnight Suns,False,,,,,,,,,
"Warhammer 40,000: Gladius - Relics of War",False,,,,,,,,,
Farming Simulator 22,True,Farming Simulator 22,163.25,216.44,269.28,235.09,75.0,"Google Stadia, Mac, PC, PlayStation 4, PlayStation 5, Xbox One, Xbox Series X/S",2021.0,1.0
Echo Starter Pack,False,,,,,,,,,
Dragon Age: Inquisition - Game of the Year Edition,True,Dragon Age: Inquisition - Game of the Year Edition,51.26,93.13,144.71,97.15,78.0,"PC, PlayStation 4, Xbox One",2015.0,1.0
Circus Electrique,True,Circus Electrique,16.15,26.08,41.4,22.49,63.0,"Nintendo Switch, PC, PlayStation 4, PlayStation 5, Xbox One, Xbox Series X/S",2022.0,1.0
Firestone Free Offer,False,,,,,,,,,
Cat Quest 2,True,Cat Quest II,7.54,9.59,12.59,10.69,76.0,"Mobile, Nintendo Switch, PC, PlayStation 4, Xbox One",2019.0,1.0
INDUSTRIA,False,,,,,,,,,
LISA: Definitive Edition,True,LISA: Definitive Edition,13.2,15.09,19.04,14.87,79.0,"Nintendo Switch, PC, PlayStation 4, PlayStation 5, Xbox One, Xbox Series X/S",2023.0,1.0
LISA: The Painful - Definitive Edition,True,LISA: The Painful,10.82,15.07,24.77,13.95,83.0,"Linux, Mac, Nintendo Switch, PC, PlayStation 4, PlayStation 5, Xbox One, Xbox Series X/S",2014.0,1.0
The Big Con,True,The Big Con,4.35,5.69,8.68,5.73,69.0,"Nintendo Switch, PC, PlayStation 4, PlayStation 5, Xbox One, Xbox Series X/S",2021.0,1.0
Town of Salem 2,True,Town of Salem II,0.0,0.0,0.0,0.0,59.0,"Mac, PC",2023.0,1.0
Ghostrunner,True,Ghostrunner,7.09,9.25,14.45,8.4,76.0,"Amazon Luna, Nintendo Switch, PC, PlayStation 4, PlayStation 5, Xbox One, Xbox Series X/S",2020.0,1.0
The Outer Worlds: Spacer's Choice Edition,True,The Outer Worlds: Spacer's Choice Edition,17.74,37.12,61.2,38.63,77.0,"PC, PlayStation 5, Xbox Series X/S",2023.0,1.0
Thief,True,Thief,10.97,22.2,44.6,18.26,64.0,"PC, PlayStation 3, PlayStation 4, Xbox 360, Xbox One",2014.0,1.0
Islets,True,Islets,7.33,8.14,9.32,8.56,80.0,"Nintendo Switch, PC, PlayStation 4, PlayStation 5, Xbox One, Xbox Series X/S",2022.0,1.0
World of Warships — Starter Pack: Dreadnought,False,,,,,,,,,
Call of the Wild: The Angler™,False,,,,,,,,,
The Sims™ 4 - Backyard Stuff,False,,,,,,,,,
Deus Ex: Mankind Divided,True,Deus Ex: Mankind Divided,15.92,30.99,52.87,30.07,78.0,"Linux, Mac, PC, PlayStation 4, Xbox One",2016.0,1.0
The Bridge,True,The Bridge,3.46,5.95,7.49,5.13,63.0,"Linux, Mac, Nintendo Switch, PC, PlayStation 3, PlayStation 4, PlayStation Vita, Wii U, Xbox 360, Xbox One",2013.0,1.0
Astro Duel 2,True,Astro Duel II,1.39,2.33,3.0,1.58,57.0,"Mac, PC",2024.0,1.0
Aerial_Knight's Never Yield,True,Aerial_Knight's Never Yield,1.47,2.44,2.58,1.82,55.0,"Mobile, Nintendo Switch, PC, PlayStation 4, Xbox One, Xbox Series X/S",2021.0,1.0
Super Meat Boy Forever,True,Super Meat Boy Forever,4.38,7.46,12.78,4.75,64.0,"Mobile, Nintendo Switch, PC, PlayStation 4, Xbox One",2020.0,1.0
Dakar Desert Rally,True,Dakar Desert Rally,19.33,57.75,0.0,28.9,64.0,"PC, PlayStation 4, PlayStation 5, Xbox One, Xbox Series X/S",2022.0,1.0
Dying Light - Shu Warrior Bundle,False,,,,,,,,,
Doki Doki Literature Club Plus!,False,,,,,,,,,
Lost Castle,True,Lost Castle,12.19,28.33,69.28,23.02,63.0,"Nintendo Switch, PC, PlayStation 4",2016.0,1.0
Doors: Paradox,True,Doors: Paradox,5.41,5.7,6.5,6.3,70.0,"Mobile, PC",2022.0,1.0
Infinifactory,True,Infinifactory,37.91,52.41,63.88,49.25,77.0,"PC, PlayStation 4",2015.0,1.0
LOVE,True,LOVE,0.58,1.46,7.25,1.1,66.0,"Mobile, Nintendo Switch, PC",2014.0,1.0
"LOVE Classic (classic version, 2008 recoded in 2020)",False,,,,,,,,,
Sail Forth,True,Sail Forth,16.21,28.57,37.5,23.21,67.0,"Linux, Mac, Nintendo Switch, Nintendo Switch 2, PC, PlayStation 4, PlayStation 5, Xbox One, Xbox Series X/S",2022.0,1.0
Marvel's Guardians of the Galaxy,True,Marvel's Guardians of the Galaxy,17.6,20.39,25.99,19.94,82.0,"Nintendo Switch, PC, PlayStation 4, PlayStation 5, Xbox One, Xbox Series X/S",2021.0,1.0
A Plague Tale: Innocence,True,A Plague Tale: Innocence,10.94,12.58,15.94,12.28,80.0,"Nintendo Switch, PC, PlayStation 4, PlayStation 5, Xbox One, Xbox Series X/S",2019.0,1.0
20 Minutes Till Dawn,True,20 Minutes Till Dawn,3.65,12.41,30.07,12.95,69.0,"Mac, Mobile, Nintendo Switch, PC",2023.0,1.0
Saints Row,True,Saints Row,12.6,26.96,52.52,23.12,55.0,"PC, PlayStation 4, PlayStation 5, Xbox One, Xbox Series X/S",2022.0,1.0
Cursed to Golf,True,Cursed to Golf,6.45,7.12,10.17,7.5,68.0,"Nintendo Switch, PC, PlayStation 4, PlayStation 5, Xbox One, Xbox Series X/S",2022.0,1.0
Human Resource Machine,True,Human Resource Machine,4.39,8.09,10.08,7.9,73.0,"Linux, Mac, Mobile, Nintendo Switch, PC, Wii U",2015.0,1.0
Fallout 3: Game of the Year Edition,True,Fallout 3: Game of the Year Edition,26.38,58.07,106.4,57.95,81.0,"Amazon Luna, PC, PlayStation 3, Xbox 360",2009.0,1.0
art of rally,True,art of rally,16.18,19.47,31.35,19.76,71.0,"Mobile, Nintendo Switch, PC, PlayStation 4, PlayStation 5, Xbox One, Xbox Series X/S",2020.0,1.0
Melvor Idle,True,Melvor Idle,1131.92,1403.06,1857.27,1603.35,75.0,"Mobile, PC",2020.0,1.0
Destiny 2: Legacy Collection,False,,,,,,,,,
Destiny 2: Beyond Light,False,,,,,,,,,
Destiny 2: Shadowkeep,False,,,,,,,,,
"Warhammer 40,000: Rogue Trader - Limited Outfit Pack",False,,,,,,,,,
Gigabash,True,Gigabash,2.63,4.04,6.14,2.94,69.0,"Nintendo Switch, PC, PlayStation 4, PlayStation 5, Xbox One, Xbox Series X/S",2022.0,1.0
Predecessor,True,Predecessor,1.0,0.0,0.0,1.0,68.0,"PC, PlayStation 4, PlayStation 5, Xbox Series X/S",2022.0,1.0
The Sims™ 4 - My First Pet Stuff,False,,,,,,,,,
Jitsu Squad,True,Jitsu Squad,2.57,2.98,5.1,2.74,67.0,"Nintendo Switch, PC, PlayStation 4, PlayStation 5, Xbox One, Xbox Series X/S",2022.0,1.0
Mighty Fight Federation,True,Mighty Fight Federation,1.43,0.0,0.0,1.43,49.0,"Nintendo Switch, PC, PlayStation 4, PlayStation 5, Xbox One",2021.0,1.0
Deliver Us Mars,True,Deliver Us Mars,8.18,9.24,11.03,9.04,70.0,"PC, PlayStation 4, PlayStation 5, Xbox One, Xbox Series X/S",2023.0,1.0
EARTHLOCK,False,,,,,,,,,
Surviving the Aftermath,True,Surviving The Aftermath,17.78,31.16,34.09,24.92,66.0,"PC, PlayStation 4, Xbox One",2021.0,0.9565217391304348
Suicide Squad: Kill the Justice League,True,Suicide Squad: Kill the Justice League,11.91,18.54,43.97,16.96,56.0,"PC, PlayStation 5, Xbox Series X/S",2024.0,1.0
Golden Light,True,Golden Light,8.24,0.0,68.81,19.54,60.0,PC,2020.0,1.0
Turnip Boy Commits Tax Evasion,True,Turnip Boy Commits Tax Evasion,2.12,2.68,3.27,2.85,74.0,"Linux, Mac, Mobile, Nintendo Switch, PC, PlayStation 4, Xbox One",2021.0,1.0
Tandem: A Tale of Shadows,True,Tandem: A Tale of Shadows,4.88,5.98,6.34,5.48,68.0,"Nintendo Switch, PC, PlayStation 4",2021.0,1.0
The Evil Within 2,True,The Evil Within 2,13.36,18.49,28.43,17.57,80.0,"PC, PlayStation 4, Xbox One",2017.0,1.0
Eternal Threads,True,Eternal Threads,7.26,8.29,9.43,8.45,69.0,"Nintendo Switch, PC, PlayStation 4, PlayStation 5, Xbox One, Xbox Series X/S",2022.0,1.0
The Evil Within,False,,,,,,,,,
Blazing Sails,True,Blazing Sails,1.5,0.0,0.0,1.5,49.0,PC,2020.0,1.0
Q.U.B.E. ULTIMATE BUNDLE,False,,,,,,,,,
Godlike Burger,True,Godlike Burger,29.82,0.0,38.07,31.15,48.0,"Linux, Mac, PC",2022.0,1.0
Model Builder,True,Model Builder,17.57,17.78,29.72,24.22,64.0,PC,2022.0,1.0
Soulstice,True,Soulstice,16.59,20.26,33.59,18.54,72.0,"PC, PlayStation 4, PlayStation 5, Xbox Series X/S",2022.0,1.0
Out of Line,True,Out of Line,2.86,2.9,3.21,2.98,66.0,"Nintendo Switch, PC, Xbox One",2021.0,1.0
We Were Here Expeditions: The FriendShip,True,We Were Here Expeditions: The FriendShip,2.01,2.41,3.1,2.59,75.0,"PC, PlayStation 4, PlayStation 5, Xbox One, Xbox Series X/S",2023.0,1.0
911 Operator,True,911 Operator,6.34,10.41,21.38,9.21,64.0,"Mobile, Nintendo Switch, PC",2017.0,1.0
Spelldrifter,True,Spelldrifter,10.65,12.52,30.13,15.67,70.0,"Mobile, PC",2019.0,1.0
Cave Story+,True,Cave Story+,6.31,8.61,11.16,7.47,79.0,"Nintendo 3DS, Nintendo Switch, PC, Wii",2011.0,1.0
Homeworld: Deserts of Kharak,True,Homeworld: Deserts of Kharak,10.31,11.9,18.06,11.18,75.0,PC,2016.0,1.0
Black Book,True,Black Book,21.3,30.84,37.7,30.41,73.0,"Nintendo Switch, PC, PlayStation 4, Xbox One, Xbox Series X/S",2021.0,1.0
Dodo Peak,True,Dodo Peak,2.48,3.14,3.8,3.08,43.0,"Mobile, PC",2019.0,1.0
Europa Universalis IV,True,Europa Universalis IV,95.5,356.71,1626.03,374.19,84.0,PC,2013.0,1.0
Orwell: Keeping an Eye on You,True,Orwell,4.56,6.18,9.6,5.55,73.0,"Mobile, PC",2016.0,0.9655172413793104
Homeworld Remastered Collection,True,Homeworld: Remastered Collection,21.11,22.47,33.26,25.36,80.0,PC,2015.0,0.9841269841269841
Severed Steel,True,Severed Steel,3.04,6.25,21.52,3.9,77.0,"Nintendo Switch, PC, PlayStation 4, PlayStation 5, Xbox One, Xbox Series X/S",2021.0,1.0
Murder by Numbers,True,Murder by Numbers,20.32,27.91,32.45,28.01,73.0,"Google Stadia, Nintendo Switch, PC",2020.0,1.0
The Elder Scrolls Online,True,The Elder Scrolls Online,47.9,207.44,606.92,194.42,70.0,"Google Stadia, Mac, PC, PlayStation 4, PlayStation 5, Xbox One, Xbox Series X/S",2014.0,1.0
Train Valley 2,True,Train Valley 2,30.68,41.81,80.92,43.5,71.0,"PC, PlayStation 4",2018.0,1.0
GRIME,True,GRIME II,12.0,28.57,31.5,28.57,88.0,"PC, PlayStation 5, Xbox Series X/S",2026.0,0.8333333333333334
The Dungeon of Naheulbeuk: The Amulet Of Chaos,True,The Dungeon Of Naheulbeuk: The Amulet Of Chaos,31.54,37.22,47.05,36.76,73.0,"PC, PlayStation 4, PlayStation 5, Xbox One, Xbox Series X/S",2020.0,0.9782608695652174
Idle Champions of the Forgotten Realms - Wulfgar's Legends of Renown Pack,False,,,,,,,,,
theHunter: Call of the Wild,True,The Hunter: Call of the Wild,25.77,83.25,219.53,54.59,62.0,"PC, PlayStation 4, Xbox One",2017.0,1.0
Guacamelee! Super Turbo Championship Edition,True,Guacamelee!: Super Turbo Championship Edition,7.02,9.99,15.77,9.22,78.0,"PC, Nintendo Switch, PlayStation 3, PlayStation 4, PlayStation Vita, Wii U, Xbox 360, Xbox One",2014.0,0.9887640449438202
Guacamelee! 2,True,Guacamelee! 2,8.77,11.39,15.67,11.48,80.0,"PC, Nintendo Switch, PlayStation 4, Xbox One",2018.0,1.0
PAYDAY 2,False,,,,,,,,,
Midnight Ghost Hunt,True,Midnight Ghost Hunt,2.19,15.0,500.0,45.79,64.0,PC,2022.0,1.0
Train Sim World 2 - LGV Méditerranée: Marseille - Avignon,False,,,,,,,,,
Fallout: New Vegas - Ultimate Edition,True,Fallout: New Vegas - Ultimate Edition,32.67,77.29,144.28,82.69,90.0,"PC, PlayStation 3, Xbox 360",2012.0,1.0
DEATH STRANDING,False,,,,,,,,,
The Sims 4 - The Daring Lifestyle Bundle,False,,,,,,,,,
The Sims 4 - Jungle Adventure Game Pack,False,,,,,,,,,
The Sims 4 - Luxury Party Stuff Pack,False,,,,,,,,,
Against All Odds,True,Against All Odds,1.0,0.0,0.0,1.0,31.0,PC,2023.0,1.0
Kao the Kangaroo,True,Kao the Kangaroo,5.6,7.73,11.37,7.8,63.0,"Nintendo Switch, PC, PlayStation 4, PlayStation 5, Xbox One, Xbox Series X/S",2022.0,1.0
Horizon Chase Turbo,True,Horizon Chase Turbo,10.21,15.33,32.7,15.22,77.0,"Amazon Luna, Nintendo Switch, PC, PlayStation 4, PlayStation Vita, Xbox One",2018.0,1.0
Breathedge,True,Breathedge,16.31,24.56,33.34,23.92,65.0,"Nintendo Switch, PC, PlayStation 4, PlayStation 5, Xbox One, Xbox Series X/S",2021.0,1.0
Poker Club,True,Poker Club,1.5,0.0,0.0,1.5,41.0,"Nintendo Switch, PC, PlayStation 4, PlayStation 5, Xbox One, Xbox Series X/S",2020.0,1.0
Never Alone (Kisima Ingitchuna),False,,,,,,,,,
MORDHAU,True,MORDHAU,15.79,71.88,175.86,129.7,70.0,"PC, PlayStation 4, PlayStation 5, Xbox One, Xbox Series X/S",2019.0,1.0
Second Extinction,True,Second Extinction,7.36,7.97,16.78,9.1,50.0,"PC, Xbox One",2020.0,1.0
Dying Light: Enhanced Edition,True,Dying Light: The Following - Enhanced Edition,19.88,45.89,80.68,43.88,81.0,"PC, PlayStation 4, Xbox One",2016.0,0.7837837837837838
The Silent Age,True,The Silent Age,3.32,3.59,3.71,3.53,70.0,"Mobile, PC",2012.0,1.0
Tunche,True,Tunche,7.79,10.78,14.93,8.37,59.0,"Nintendo Switch, PC, PlayStation 4, Xbox One",2021.0,1.0
Chess Ultra,True,Chess Ultra,1.96,5.0,8.52,2.94,55.0,"Nintendo Switch, PC, PlayStation 4, Xbox One",2017.0,1.0
World of Warships — Starter Pack: Ishizuchi,False,,,,,,,,,
Call of the Sea,False,,,,,,,,,
Clash - Lone Fighter Pack,False,,,,,,,,,
Rise of Industry,False,,,,,,,,,
Duskers,True,Duskers,8.99,18.41,0.0,14.7,67.0,PC,2015.0,1.0
Warpips,True,Warpips,6.85,10.43,12.39,7.83,65.0,PC,2021.0,1.0
Recipe for Disaster,True,Recipe for Disaster,15.72,19.88,23.92,21.25,63.0,PC,2021.0,1.0
City of Gangsters,True,City of Gangsters,35.63,0.0,0.0,35.63,52.0,PC,2021.0,1.0
Dishonored: Death of the Outsider,False,,,,,,,,,
Adios,True,Adios,1.32,1.49,2.02,1.47,60.0,"Nintendo Switch, PC, Xbox One",2021.0,1.0
Hell is Others,True,Hell is Others,39.39,40.19,0.0,39.67,52.0,PC,2022.0,1.0
The Cycle: Frontier - Fortuna Survivor,False,,,,,,,,,
Epistory - Typing Chronicles,False,,,,,,,,,
Divine Knockout (DKO),False,,,,,,,,,
First Class Trouble,True,First Class Trouble,0.64,0.0,25.01,13.64,62.0,"Nintendo Switch, PC, PlayStation 4, PlayStation 5",2021.0,1.0
Gamedec - Definitive Edition,False,,,,,,,,,
Kerbal Space Program,True,Kerbal Space Program,113.03,233.5,601.66,244.84,80.0,"Linux, Mac, PC, PlayStation 4, PlayStation 5, Xbox One, Xbox Series X/S",2015.0,1.0
Shadow Tactics: Aiko's Choice,True,Shadow Tactics: Blades of the Shogun - Aiko's Choice,7.28,10.25,13.91,8.82,82.0,"Linux, Nintendo Switch 2, PC, PlayStation 5, Xbox Series X/S",2021.0,0.7160493827160493
Dishonored - Definitive Edition,False,,,,,,,,,
Eximius: Seize the Frontline,True,Eximius: Seize the Frontline,13.62,0.0,0.0,13.62,53.0,PC,2018.0,1.0
DEATH STRANDING Director's Cut,True,Death Stranding: Director's Cut,38.04,59.14,111.27,58.97,86.0,"Amazon Luna, Mobile, PC, PlayStation 5, Xbox Series X/S",2021.0,0.5901639344262295
Metro: Last Light Redux,True,Metro: Last Light Redux,9.78,13.51,27.73,11.96,80.0,"Google Stadia, Linux, Mac, Nintendo Switch, PC, PlayStation 4, Xbox One",2014.0,1.0
Encased: A Sci-Fi Post-Apocalyptic RPG,False,,,,,,,,,
LEGO Builder's Journey,True,LEGO Builder's Journey,2.39,2.53,2.58,2.49,68.0,"Mobile, Nintendo Switch, PC, PlayStation 4, PlayStation 5, Xbox One, Xbox Series X/S",2021.0,1.0
Wolfenstein: The New Order,True,Wolfenstein: The New Order,11.36,15.33,24.33,13.61,79.0,"PC, PlayStation 3, PlayStation 4, Xbox 360, Xbox One",2014.0,1.0
Costume Quest 2,True,Costume Quest 2,6.75,7.89,9.53,8.23,71.0,"PC, PlayStation 3, PlayStation 4, Wii U, Xbox 360, Xbox One",2014.0,1.0
Saints Row IV: Re-Elected,True,Saints Row IV: Re-Elected,14.95,26.14,43.31,26.72,72.0,"Google Stadia, Nintendo Switch, PC, PlayStation 4, Xbox One",2015.0,1.0
Wildcat Gun Machine,True,Wildcat Gun Machine,6.16,10.0,11.5,7.2,57.0,"PC, PlayStation 4",2022.0,1.0
Fort Triumph,True,Fort Triumph,8.8,11.86,17.43,11.39,61.0,"Nintendo Switch, PC, PlayStation 4, Xbox One",2018.0,1.0
RPG in a Box,True,RPG in a Box,0.0,0.0,0.0,0.0,69.0,"Linux, Mac, PC",2016.0,1.0
STAR WARS: Squadrons,True,Star Wars: Squadrons,9.09,11.87,41.62,9.77,69.0,"PC, PlayStation 4, Xbox One",2020.0,0.7
Dark Deity,True,Dark Deity,23.01,31.2,37.15,27.74,66.0,"Nintendo Switch, PC",2021.0,1.0
Evil Dead: The Game,True,Evil Dead: The Game,3.09,25.79,191.5,23.11,54.0,"PC, PlayStation 4, PlayStation 5, Xbox One, Xbox Series X/S",2022.0,1.0
Rumbleverse - Epic Cheerleader Pack,False,,,,,,,,,
Alba - A Wildlife Adventure,False,,,,,,,,,
Shadow Tactics: Blades of the Shogun,True,Shadow Tactics: Blades of the Shogun,24.92,30.47,57.44,28.0,82.0,"Linux, Mac, Nintendo Switch 2, PC, PlayStation 4, Xbox One",2016.0,1.0
Filament,True,Filament,18.33,25.11,26.87,24.07,66.0,"Linux, PC",2020.0,1.0
Rising Storm 2: Vietnam,True,Rising Storm 2: Vietnam,2.18,56.0,0.0,7.57,71.0,PC,2017.0,1.0
Saturnalia,True,Saturnalia,8.0,8.4,10.37,8.76,73.0,"Nintendo Switch, PC, PlayStation 4, PlayStation 5, Xbox One, Xbox Series X/S",2022.0,1.0
"Warhammer 40,000: Mechanicus",True,"Warhammer 40,000: Mechanicus",18.99,30.21,47.11,28.09,73.0,"Nintendo Switch, PC, PlayStation 4, Xbox One",2018.0,1.0
Evoland Legendary Edition,True,Evoland: Legendary Edition,20.87,25.41,31.84,27.02,70.0,"Nintendo Switch, PC, PlayStation 4, Xbox One",2019.0,0.9803921568627451
Darkwood,True,Darkwood,18.38,27.48,40.91,24.55,81.0,"Nintendo Switch, PC, PlayStation 4, Xbox One",2017.0,1.0
ToeJam & Earl: Back in the Groove!,False,,,,,,,,,
Rising Hell,True,Rising Hell,3.32,5.76,10.01,3.92,71.0,"Nintendo Switch, PC, PlayStation 4, Xbox One",2019.0,1.0
Slain: Back From Hell,True,Slain: Back from Hell,6.06,8.38,11.67,7.32,61.0,"Linux, Mac, Nintendo Switch, PC, PlayStation 4, PlayStation Vita, Xbox One",2016.0,0.9523809523809523
Runbow,True,Runbow,2.85,7.58,14.56,5.56,69.0,"Nintendo Switch, PC, PlayStation 4, Wii U, Xbox One",2015.0,1.0
The Drone Racing League Simulator,True,The Drone Racing League Simulator,14.9,0.0,0.0,14.9,55.0,PC,2017.0,1.0
ARK: Survival Evolved,True,ARK: Survival Evolved,67.59,278.06,953.31,263.51,65.0,"Google Stadia, Mac, Mobile, Nintendo Switch, PC, PlayStation 4, Xbox One",2017.0,1.0
Gloomhaven,True,Gloomhaven,96.0,142.21,181.15,129.62,74.0,"Nintendo Switch, PC, PlayStation 4, PlayStation 5, Xbox One, Xbox Series X/S",2021.0,1.0
Spirit of the North,True,Spirit of the North,5.09,5.88,7.92,6.05,62.0,"Nintendo Switch, PC, PlayStation 4, PlayStation 5, Xbox One, Xbox Series X/S",2019.0,1.0
The Captain,True,The Captain,10.18,17.46,31.7,13.96,70.0,PC,2021.0,1.0
Hundred Days: Winemaking Simulator,False,,,,,,,,,
Realm Royale Reforged - Epic Launch Bundle,False,,,,,,,,,
Knockout City,True,Knockout City,20.44,79.22,65.25,62.4,71.0,"Nintendo Switch, PC, PlayStation 4, PlayStation 5, Xbox One, Xbox Series X/S",2021.0,1.0
Shadow of the Tomb Raider: Definitive Edition,True,Shadow of the Tomb Raider: Definitive Edition,12.91,26.15,42.56,22.91,77.0,"Google Stadia, Linux, Mac, PC, PlayStation 4, Xbox One",2018.0,1.0
Submerged: Hidden Depths,True,Submerged: Hidden Depths,4.27,6.35,8.6,7.1,71.0,"Google Stadia, Nintendo Switch, PC, PlayStation 4, PlayStation 5, Xbox One, Xbox Series X/S",2022.0,1.0
Ring of Pain,True,Ring of Pain,7.88,21.16,89.67,14.4,73.0,"Nintendo Switch, PC, Xbox One",2020.0,1.0
Destiny 2: Bungie 30th Anniversary Pack,False,,,,,,,,,
DOOM 64,True,Doom 64,7.15,9.21,10.55,8.35,75.0,"Google Stadia, Nintendo 64, Nintendo Switch, PC, PlayStation 4, Xbox One",1997.0,0.5714285714285714
Rumbleverse - Boom Boxer Content Pack,False,,,,,,,,,
"Cook, Serve, Delicious! 3?!",True,"Cook, Serve, Delicious! 3?!",46.42,53.63,86.28,72.11,74.0,"Nintendo Switch, PC, PlayStation 4, Xbox One",2020.0,1.0
Unrailed!,True,Unrailed!,7.07,11.11,43.42,11.91,73.0,"Nintendo Switch, PC, PlayStation 4, Xbox One",2019.0,1.0
Lawn Mowing Simulator,True,Lawn Mowing Simulator,16.41,31.3,70.18,39.51,58.0,"Nintendo Switch, PC, PlayStation 4, PlayStation 5, Xbox One, Xbox Series X/S",2021.0,1.0
Shop Titans - Exclusive Package,False,,,,,,,,,
Tannenberg,True,Tannenberg,4.8,13.95,14.87,8.43,66.0,"Linux, Mac, PC, PlayStation 4, PlayStation 5, Xbox One, Xbox Series X/S",2017.0,1.0
Idle Champions of the Forgotten Realms - Gladiators of the Black Pits Pack,False,,,,,,,,,
Ancient Enemy,True,Ancient Enemy,7.86,10.21,13.5,10.14,65.0,PC,2020.0,1.0
Killing Floor 2,True,Killing Floor 2,16.29,90.01,127.88,67.76,71.0,"PC, PlayStation 4, Xbox One",2016.0,1.0
Geneforge 1 - Mutagen,True,Geneforge: 1-Mutagen,37.0,40.12,0.0,39.19,72.0,PC,2021.0,1.0
Hood: Outlaws & Legends,True,Hood: Outlaws and Legends,1.62,26.52,0.0,5.66,55.0,"PC, PlayStation 4, PlayStation 5, Xbox One, Xbox Series X/S",2021.0,1.0
Iratus: Lord of the Dead,True,Iratus: Lord of the Dead,12.35,19.46,40.46,16.77,66.0,PC,2019.0,1.0
A Game Of Thrones: The Board Game Digital Edition,False,,,,,,,,,
Car Mechanic Simulator 2018,True,Car Mechanic Simulator 2018,27.88,82.11,89.8,60.55,71.0,"PC, PlayStation 4, Xbox One",2017.0,1.0
Supraland,True,Supraland,12.96,16.75,23.45,18.52,79.0,"Nintendo Switch, PC, PlayStation 4, Xbox One",2019.0,1.0
Maneater,True,Maneater,8.13,10.24,12.91,11.32,71.0,"Nintendo Switch, PC, PlayStation 4, PlayStation 5, Xbox One, Xbox Series X/S",2020.0,1.0
BioShock: The Collection,True,BioShock: The Collection,34.99,49.4,67.01,46.24,87.0,"Nintendo Switch, PC, PlayStation 4, Xbox One",2016.0,1.0
BioShock 2 Remastered,True,BioShock 2,10.54,14.41,23.69,12.93,79.0,"Nintendo Switch, PC, PlayStation 3, PlayStation 4, Xbox 360, Xbox One",2010.0,0.9302325581395349
BioShock Infinite: The Complete Edition,True,Bioshock Infinite: The Complete Edition,12.07,19.04,36.01,18.15,86.0,"Nintendo Switch, PC, PlayStation 3, Xbox 360",2014.0,0.9743589743589743
Borderlands 3,True,Borderlands 3,23.37,46.28,84.06,42.79,74.0,"Google Stadia, Nintendo Switch, PC, PlayStation 4, PlayStation 5, Xbox One, Xbox Series X/S",2019.0,1.0
Prey Digital Deluxe,False,,,,,,,,,
Jotun: Valhalla Edition,True,Jotun,5.16,5.67,7.36,5.56,67.0,"Google Stadia, Linux, Mac, Nintendo Switch, PC, PlayStation 4, Wii U, Xbox One",2015.0,1.0
Redout: Enhanced Edition,True,Redout,10.06,20.44,49.75,19.76,68.0,"Nintendo Switch, PC, PlayStation 4, Xbox One",2016.0,1.0
Terraforming Mars,True,Terraforming Mars,1.91,8.57,33.45,4.27,69.0,PC,2018.0,1.0
Just Die Already,True,Just Die Already,3.61,7.49,12.43,6.74,51.0,"Nintendo Switch, PC, PlayStation 4, Xbox One",2021.0,1.0
Paradigm,True,Paradigm,6.01,7.79,8.33,6.91,76.0,"Linux, Mac, PC",2017.0,1.0
Amnesia: Rebirth,True,Amnesia: Rebirth,8.72,10.66,14.53,9.79,69.0,"Amazon Luna, Linux, Nintendo Switch, Nintendo Switch 2, PC, PlayStation 4, Xbox One, Xbox Series X/S",2020.0,1.0
Riverbond,True,Riverbond,5.04,5.05,6.1,5.57,65.0,"Nintendo Switch, PC, PlayStation 4, Xbox One",2019.0,1.0
Insurmountable,True,Insurmountable,7.03,9.58,13.32,8.85,63.0,"Nintendo Switch, PC, PlayStation 4, PlayStation 5, Xbox One, Xbox Series X/S",2021.0,1.0
XCOM 2,True,XCOM 2,33.23,47.9,89.49,45.05,83.0,"Linux, Mac, Mobile, Nintendo Switch, PC, PlayStation 4, Xbox One",2016.0,1.0
Rogue Legacy,True,Rogue Legacy,16.44,26.36,38.72,21.62,77.0,"Mobile, PC, Nintendo Switch, PlayStation 3, PlayStation 4, PlayStation Vita, Xbox One",2013.0,1.0
The Vanishing of Ethan Carter,True,The Vanishing of Ethan Carter,3.77,4.2,4.32,4.09,72.0,"Nintendo Switch, PC, PlayStation 4, Xbox One",2014.0,1.0
City of Brass,True,City Of Brass,4.36,11.84,15.9,5.66,50.0,"Nintendo Switch, PC, PlayStation 4, Xbox One",2018.0,0.9230769230769231
Total War: WARHAMMER,True,Total War: Warhammer,33.83,70.51,185.16,55.62,78.0,PC,2016.0,0.6
DEMON'S TILT,True,DEMON'S TILT,5.42,12.49,14.71,7.12,68.0,"Nintendo Switch, PC, PlayStation 4, Xbox One",2019.0,1.0
In Sound Mind,True,In Sound Mind,10.22,13.48,15.58,13.31,79.0,"Nintendo Switch, PC, PlayStation 5, Xbox Series X/S",2021.0,1.0
Cities: Skylines,True,Cities: Skylines,27.6,68.32,183.32,55.8,78.0,"Linux, Mac, Nintendo Switch, PC, PlayStation 4, PlayStation 5, Xbox One, Xbox Series X/S",2015.0,1.0
Black Widow: Recharged,True,Black Widow: Recharged,1.46,2.81,5.09,2.64,57.0,"Linux, Mac, Nintendo Switch, PC, PlayStation 4, PlayStation 5, Xbox One, Xbox Series X/S",2021.0,1.0
Centipede: Recharged,True,Centipede: Recharged,2.14,3.05,3.83,3.14,59.0,"Linux, Mac, Nintendo Switch, PC, PlayStation 4, PlayStation 5, Xbox One, Xbox Series X/S",2021.0,1.0
Dauntless - Epic Slayer Kit,False,,,,,,,,,
Cris Tales,True,Cris Tales,22.2,25.72,31.26,26.42,66.0,"Nintendo Switch, PC, PlayStation 4, PlayStation 5, Xbox One, Xbox Series X/S",2021.0,1.0
Brothers: A Tale of Two Sons,True,Brothers: A Tale of Two Sons,3.08,3.5,4.04,3.38,80.0,"Mobile, Nintendo Switch, PC, PlayStation 3, PlayStation 4, Xbox 360, Xbox One",2013.0,1.0
Windbound,True,Windbound,14.13,15.36,19.77,15.02,56.0,"Google Stadia, Nintendo Switch, PC, PlayStation 4, Xbox One",2020.0,1.0
Yooka-Laylee and the Impossible Lair,True,Yooka-Laylee and the Impossible Lair,12.99,16.05,21.82,16.71,75.0,"Nintendo Switch, PC, PlayStation 4, Xbox One",2019.0,1.0
DAEMON X MACHINA,False,,,,,,,,,
Relicta,True,Relicta,13.97,22.47,25.2,17.82,60.0,"Google Stadia, PC, PlayStation 4, Xbox One",2020.0,1.0
Galactic Civilizations III,True,Galactic Civilizations III,27.21,37.12,54.94,32.74,64.0,PC,2015.0,1.0
Gods Will Fall,True,Gods Will Fall,4.87,6.84,9.97,5.18,52.0,"Nintendo Switch, PC, PlayStation 4, Xbox One",2021.0,1.0
Tomb Raider Trilogy,True,Tomb Raider Trilogy,39.36,45.59,0.0,43.52,80.0,PlayStation 3,2011.0,1.0
Rise of the Tomb Raider: 20 Year Celebration,True,Rise of the Tomb Raider: 20 Year Celebration,14.21,23.69,38.81,22.91,80.0,"Google Stadia, PC, PlayStation 4, Xbox One",2016.0,1.0
Salt and Sanctuary,True,Salt & Sanctuary,16.46,21.55,32.11,21.26,78.0,"Nintendo Switch, PC, PlayStation 4, PlayStation Vita, Xbox One",2016.0,1.0
Pathfinder: Kingmaker - Enhanced Plus Edition,False,,,,,,,,,
Vampyr,True,Vampyr,16.93,29.48,41.58,28.81,71.0,"Nintendo Switch, PC, PlayStation 4, Xbox One",2018.0,1.0
Mutant Year Zero: Road to Eden,True,Mutant Year Zero: Road to Eden,13.03,18.43,23.54,18.25,75.0,"Nintendo Switch, PC, PlayStation 4, Xbox One",2018.0,1.0
Remnant: From the Ashes,True,Remnant: From the Ashes,13.25,20.82,58.66,18.66,73.0,"Nintendo Switch, PC, PlayStation 4, Xbox One",2019.0,1.0
Neon Abyss,True,Neon Abyss,11.23,33.63,87.27,18.79,69.0,"Nintendo Switch, PC, PlayStation 4, Xbox One",2020.0,1.0
Shenmue III,True,Shenmue III,24.64,34.89,57.15,32.12,65.0,"Nintendo Switch 2, PC, PlayStation 4, PlayStation 5, Xbox Series X/S",2019.0,1.0
Godfall: Challenger Edition,False,,,,,,,,,
Prison Architect,True,Prison Architect,16.75,43.38,70.2,30.55,72.0,"Linux, Mac, Mobile, Nintendo Switch, PC, PlayStation 4, Xbox One",2015.0,1.0
Dead by Daylight,True,Dead by Daylight,78.64,356.32,763.43,315.74,68.0,"Google Stadia, Mobile, Nintendo Switch, PC, PlayStation 4, PlayStation 5, Xbox One, Xbox Series X/S",2016.0,1.0
while True: learn(),True,while True: learn(),6.7,8.98,14.12,9.89,65.0,"Mobile, Nintendo Switch, PC, PlayStation 4, Xbox One",2018.0,1.0
Antstream - Epic Welcome Pack,False,,,,,,,,,
Guild of Dungeoneering Ultimate Edition,False,,,,,,,,,
KID A MNESIA EXHIBITION,True,KID A MNESIA EXHIBITION,0.91,1.4,1.53,1.06,73.0,"PC, PlayStation 5",2021.0,1.0
Rogue Company - Season Four Epic Pack,False,,,,,,,,,
Tiny Tina's Assault on Dragon Keep: A Wonderlands One-shot Adventure,True,Tiny Tina's Assault on Dragon Keep: A Wonderlands One-Shot Adventure,5.81,10.75,35.61,9.73,68.0,"PC, PlayStation 4, PlayStation 5, Xbox One, Xbox Series X/S",2021.0,0.9852941176470589
Aven Colony,True,Aven Colony,26.65,35.39,37.51,29.25,71.0,"PC, PlayStation 4, Xbox One",2017.0,1.0
DARQ: Complete Edition,True,DARQ,2.1,3.46,4.53,2.82,73.0,"Nintendo Switch, PC, PlayStation 4, PlayStation 5, Xbox One, Xbox Series X/S",2019.0,1.0
Among the Sleep Enhanced Edition,True,Among the Sleep,2.35,3.12,3.51,2.76,67.0,"Linux, Mac, Nintendo Switch, PC, PlayStation 4, Xbox One",2014.0,0.9696969696969697
Paladins - Epic Pack,False,,,,,,,,,
Stubbs the Zombie in Rebel Without a Pulse,True,Stubbs the Zombie in Rebel Without a Pulse,6.04,7.99,9.76,6.56,68.0,"Nintendo Switch, PC, PlayStation 4, Xbox, Xbox One",2005.0,1.0
PC Building Simulator,True,PC Building Simulator,23.42,56.91,93.36,50.42,67.0,"PC, PlayStation 4, Xbox One",2018.0,1.0
Tom Clancy’s Ghost Recon Wildlands - Fallen Ghosts,False,,,,,,,,,
2064: Read Only Memories,True,2064: Read Only Memories,9.1,11.5,18.99,10.74,71.0,"Nintendo Switch, PC, PlayStation 4, PlayStation Vita",2015.0,1.0
The Escapists,True,The Escapists,19.43,42.51,44.37,27.85,66.0,"Mobile, Nintendo Switch, PC, PlayStation 4, Xbox 360, Xbox One",2015.0,1.0
Speed Brawl,True,Speed Brawl,7.22,7.41,7.28,7.19,60.0,"PC, PlayStation 4, Xbox One",2018.0,1.0
Tharsis,True,Tharsis,2.23,4.67,13.3,3.59,62.0,"Mobile, Nintendo Switch, PC, PlayStation 4",2016.0,1.0
Nioh: The Complete Edition,False,,,,,,,,,
Sheltered,True,Sheltered,21.47,31.71,32.79,28.95,65.0,"Nintendo Switch, PC, PlayStation 4, Xbox One",2015.0,1.0
Yoku's Island Express,True,Yoku's Island Express,5.65,8.06,11.28,8.23,79.0,"Nintendo Switch, PC, PlayStation 4, Xbox One",2018.0,1.0
Automachef,True,Automachef,24.99,35.41,44.56,36.8,63.0,"Nintendo Switch, PC",2019.0,1.0
Saints Row: The Third - Remastered,False,,,,,,,,,
Void Bastards,True,Void Bastards,8.49,13.97,28.32,11.58,72.0,"Nintendo Switch, PC, PlayStation 4, Xbox One",2019.0,1.0
Yooka-Laylee,True,Yooka-Laylee,15.45,20.46,24.73,21.16,66.0,"Nintendo Switch, PC, PlayStation 4, Xbox One",2017.0,1.0
Rebel Galaxy,True,Rebel Galaxy,21.99,31.3,53.35,32.71,70.0,"PC, PlayStation 4, Xbox One",2015.0,1.0
Minit,True,Minit,1.67,2.21,3.99,2.21,73.0,"Mobile, Nintendo Switch, PC, PlayStation 4, Xbox One",2018.0,1.0
MOTHERGUNSHIP,True,MOTHERGUNSHIP: FORGE,0.0,26.5,0.0,26.5,0.0,PC,2022.0,0.7878787878787878
Train Sim World 2,True,Train Sim World 2,35.0,0.0,0.0,35.0,64.0,"PC, PlayStation 4, PlayStation 5, Xbox One, Xbox Series X/S",2020.0,1.0
Defense Grid: The Awakening,True,Defense Grid: The Awakening,11.31,29.05,103.72,21.84,76.0,"PC, Xbox 360, Xbox One",2008.0,1.0
Verdun,True,Verdun,5.84,18.0,0.0,9.5,65.0,"Linux, Mac, PC, PlayStation 4, PlayStation 5, Xbox One, Xbox Series X/S",2013.0,1.0
Obduction,True,Obduction,11.9,15.08,15.11,13.03,72.0,"Mac, PC, PlayStation 4, Xbox One",2016.0,1.0
Offworld Trading Company,False,,,,,,,,,
Ironcast,True,Ironcast,8.46,18.12,38.83,16.34,55.0,"Nintendo Switch, PC, PlayStation 4",2015.0,1.0
The Spectrum Retreat,True,The Spectrum Retreat,5.05,5.26,5.88,5.27,65.0,"Nintendo Switch, PC, PlayStation 4, Xbox One",2018.0,1.0
Sonic Mania,False,,,,,,,,,
Hell is Other Demons,True,Hell is Other Demons,3.14,5.2,10.65,4.29,68.0,"Linux, Mac, Nintendo Switch, PC",2019.0,1.0
Overcooked! 2,True,Overcooked! 2,7.09,11.82,25.42,10.55,80.0,"Nintendo Switch, Nintendo Switch 2, PC, PlayStation 4, Xbox One",2018.0,1.0
Frostpunk,True,Frostpunk,10.65,25.02,55.91,16.15,81.0,"Nintendo Switch, PC, PlayStation 4, Xbox One",2018.0,1.0
Among Us,True,Among Us,8.83,16.14,27.76,14.43,70.0,"Mobile, Nintendo Switch, PC, PlayStation 4, PlayStation 5, Xbox One, Xbox Series X/S",2018.0,1.0
NBA 2K21,True,NBA 2K21,22.67,65.59,112.14,39.0,65.0,"Nintendo Switch, PC, PlayStation 4, PlayStation 5, Xbox One, Xbox Series X/S",2020.0,1.0
The Lion's Song,True,The Lion's Song,3.94,5.25,23.61,5.02,72.0,"Mobile, Nintendo Switch, PC",2016.0,1.0
Pine,True,Pine,17.03,21.45,35.66,21.43,61.0,"Linux, Mac, Nintendo Switch, PC, PlayStation 4",2019.0,1.0
World of Warships Exclusive Starter Pack,False,,,,,,,,,
Idle Champions of the Forgotten Realms - Epic Champions of Renown Pack,False,,,,,,,,,
Alien: Isolation - Last Survivor,True,Alien: Isolation - Last Survivor,0.44,0.45,0.47,0.44,74.0,"Nintendo Switch, PC, PlayStation 3, PlayStation 4, Xbox 360, Xbox One",2014.0,1.0
Alien: Isolation,True,Alien: Isolation,18.29,22.55,34.09,20.8,83.0,"Linux, Mac, Mobile, Nintendo Switch, PC, PlayStation 3, PlayStation 4, Xbox 360, Xbox One",2014.0,1.0
Hand of Fate 2,True,Hand of Fate 2,22.2,43.13,106.75,41.77,72.0,"Nintendo Switch, PC, PlayStation 4",2017.0,1.0
Deponia: The Complete Journey,True,Deponia: The Complete Journey,26.3,33.25,35.31,30.96,76.0,PC,2014.0,1.0
Ken Follett's The Pillars of the Earth,True,Ken Follett's The Pillars of the Earth,14.47,16.24,19.18,16.37,76.0,"Nintendo Switch, PC, PlayStation 4, Xbox One",2017.0,1.0
The First Tree,True,The First Tree,1.82,2.03,3.59,2.07,60.0,"Linux, Mac, Mobile, Nintendo Switch, PC, PlayStation 4, Xbox One",2017.0,1.0
3 out of 10: Season Two,True,3 out of 10: Season Two,3.49,4.39,5.58,4.13,66.0,PC,2021.0,1.0
Tales of the Neon Sea,True,Tales of the Neon Sea,8.94,9.84,10.27,9.68,72.0,"Mobile, Nintendo Switch, PC, PlayStation 4, PlayStation 5, Xbox One",2019.0,1.0
Creature in the Well,True,Creature in the Well,4.24,5.7,6.26,5.79,72.0,"Nintendo Switch, PC, PlayStation 4, Xbox One",2019.0,1.0
The Fall,True,The Fall,3.44,4.18,4.66,3.78,69.0,"PC, Nintendo Switch, PlayStation 4, Wii U, Xbox One",2014.0,1.0
Surviving Mars,True,Surviving Mars,22.07,46.04,190.27,40.26,69.0,"Linux, Mac, PC, PlayStation 4, Xbox One",2018.0,1.0
Wargame: Red Dragon,True,Wargame: Red Dragon,49.06,88.41,0.0,67.78,75.0,PC,2014.0,1.0
Sunless Sea,True,Sunless Sea,21.76,61.93,123.14,58.57,71.0,"Nintendo Switch, PC",2014.0,1.0
Absolute Drift,True,Absolute Drift,2.71,4.5,9.11,5.02,65.0,"Linux, Mobile, Nintendo Switch, PC, PlayStation 4, Xbox One",2015.0,1.0
RAGE 2,True,Rage 2,10.61,19.22,32.79,17.75,65.0,"Google Stadia, PC, PlayStation 4, Xbox One",2019.0,0.5
Halcyon 6: Starbase Commander,True,Halcyon 6: Starbase Commander,14.04,23.45,35.0,18.19,70.0,PC,2016.0,1.0
For The King,True,For The King,11.86,34.36,75.14,23.71,72.0,"Nintendo Switch, PC, PlayStation 4, Xbox One",2017.0,1.0
Dandara: Trials of Fear Edition,True,Dandara,6.89,9.36,12.93,8.78,73.0,"Linux, Mac, Mobile, Nintendo Switch, PC, PlayStation 4, Xbox One",2018.0,0.5961538461538461
STAR WARS Battlefront II: Celebration Edition,False,,,,,,,,,
Crying Suns,True,Crying Suns,14.81,21.57,45.15,17.64,68.0,"Mobile, Nintendo Switch, PC",2019.0,1.0
Jurassic World Evolution,True,Jurassic World Evolution,25.43,41.59,69.85,40.19,74.0,"Nintendo Switch, PC, PlayStation 4, Xbox One",2018.0,1.0
Torchlight II,True,Torchlight II,20.75,29.79,78.56,27.88,76.0,"PC, Nintendo Switch, PlayStation 4, Xbox One",2012.0,1.0
Solitairica,True,Solitairica,8.41,28.0,79.32,11.61,70.0,"Mobile, PC",2016.0,1.0
Stranded Deep,True,Stranded Deep,22.93,36.58,43.26,32.02,59.0,"PC, PlayStation 4, Xbox One",2015.0,1.0
Night in the Woods,True,Night in the Woods,8.89,12.25,24.5,11.14,78.0,"Linux, Mac, Mobile, Nintendo Switch, PC, PlayStation 4, PlayStation 5, Xbox One",2017.0,1.0
My Time At Portia,True,My Time At Portia,69.01,109.6,142.82,107.05,71.0,"Mobile, Nintendo Switch, PC, PlayStation 4, Xbox One",2018.0,1.0
Darkest Dungeon,True,Darkest Dungeon,56.5,85.14,128.3,80.12,79.0,"Linux, Mac, Nintendo Switch, PC, PlayStation 4, PlayStation Vita, Xbox One",2016.0,1.0
INSIDE,False,,,,,,,,,
Tropico 5,True,Tropico 5,22.62,40.75,87.7,31.97,72.0,"PC, PlayStation 4, Xbox 360, Xbox One",2014.0,1.0
Metro 2033 Redux,True,Metro 2033 Redux,9.05,11.56,23.68,10.65,77.0,"Google Stadia, Linux, Mac, Nintendo Switch, PC, PlayStation 4, Xbox One",2014.0,1.0
The Long Dark,True,The Long Dark,22.41,54.14,247.56,51.93,73.0,"Linux, Mac, Nintendo Switch, PC, PlayStation 4, Xbox One",2014.0,1.0
Oddworld: New 'n' Tasty,True,Oddworld: New 'n' Tasty!,7.44,9.61,12.07,9.05,73.0,"Linux, Mac, Mobile, Nintendo Switch, PC, PlayStation 3, PlayStation 4, PlayStation Vita, Wii U, Xbox One",2014.0,0.9787234042553191
Pillars of Eternity: Definitive Edition,True,Pillars of Eternity: Complete Edition,35.46,79.52,107.1,80.67,80.0,"Nintendo Switch, PC, PlayStation 4, Xbox One",2017.0,1.0
Tyranny: Gold Edition,False,,,,,,,,,
MudRunner,True,MudRunner,17.46,23.78,44.9,26.93,69.0,"Mobile, Nintendo Switch, PC, PlayStation 4, Xbox One",2017.0,1.0
Elite Dangerous,True,Elite: Dangerous,113.63,270.33,676.78,265.36,74.0,"PC, PlayStation 4, Xbox One",2014.0,0.967741935483871
The World Next Door,True,The World Next Door,3.39,4.1,4.92,4.02,63.0,"Nintendo Switch, PC",2019.0,1.0
The Textorcist: The Story of Ray Bibbia,True,The Textorcist: The Story of Ray Bibbia,4.2,6.71,14.38,5.1,70.0,PC,2019.0,1.0
Dungeons 3,True,Dungeons 3,26.09,35.37,63.39,32.62,72.0,"PC, PlayStation 4, Xbox One",2017.0,1.0
Blair Witch,True,Blair Witch,5.14,5.95,10.17,5.6,64.0,"Amazon Luna, Nintendo Switch, Meta Quest, PC, PlayStation 4, Xbox One",2019.0,1.0
Ghostbusters: The Video Game Remastered,True,Ghostbusters: The Video Game - Remastered,7.54,8.64,12.62,8.4,71.0,"Nintendo Switch, PC, PlayStation 4, Xbox One",2019.0,0.975
Layers of Fear 2,True,Layers of Fear 2,5.0,6.06,10.55,5.65,64.0,"Nintendo Switch, Nintendo Switch 2, PC, PlayStation 4, Xbox One",2019.0,1.0
Amnesia: A Machine for Pigs,True,Amnesia: A Machine for Pigs,4.14,5.01,5.9,4.62,63.0,"Nintendo Switch, PC, PlayStation 4, Xbox One",2013.0,1.0
Kingdom: New Lands,True,Kingdom: New Lands,10.7,26.95,36.67,22.2,71.0,"Mobile, Nintendo Switch, PC, PlayStation 4, Xbox One",2016.0,1.0
ABZÛ,True,ABZÛ,1.93,2.45,4.04,2.24,74.0,"Nintendo Switch, PC, PlayStation 4, Xbox One",2016.0,1.0
Pikuniku,True,Pikuniku,3.11,3.87,6.49,3.78,72.0,"Google Stadia, Nintendo Switch, PC, Xbox One",2019.0,1.0
RollerCoaster Tycoon 3: Complete Edition,True,RollerCoaster Tycoon 3: Complete Edition,20.47,61.65,190.02,53.31,72.0,"Nintendo Switch, PC, PlayStation 4, PlayStation 5, Xbox One, Xbox Series X/S",2020.0,1.0
Football Manager 2020,True,Football Manager 2020,281.75,299.93,518.84,318.42,78.0,"Mobile, PC",2019.0,1.0
Stick it to The Man!,True,Stick it to The Man!,4.42,5.04,5.68,4.95,72.0,"Nintendo Switch, PC, PlayStation 3, PlayStation 4, PlayStation Vita, Wii U, Xbox One",2013.0,1.0
Watch_Dogs 2,True,Watch Dogs 2,19.55,31.91,46.68,29.84,75.0,"Google Stadia, PC, PlayStation 4, Xbox One",2016.0,0.9166666666666666
Railway Empire,True,Railway Empire,21.12,73.99,265.99,44.55,72.0,"Nintendo Switch, PC, PlayStation 4, Xbox One",2018.0,1.0
Where the Water Tastes Like Wine,True,Where the Water Tastes Like Wine,11.32,14.54,26.26,14.37,60.0,"Nintendo Switch, PC, PlayStation 4, Xbox One",2018.0,1.0
Into the Breach,True,Into the Breach,5.73,20.01,52.88,13.78,82.0,"Google Stadia, Linux, Mac, Mobile, Nintendo Switch, PC",2018.0,1.0
Borderlands 2 - Commander Lilith & the Fight for Sanctuary,False,,,,,,,,,
Hitman,True,Hitman,10.73,23.75,92.85,18.56,80.0,"Google Stadia, PC, PlayStation 4, Xbox One",2016.0,1.0
Shadowrun Collection,True,Shadowrun Trilogy,0.0,67.45,0.0,67.45,63.0,"Linux, Mac, Nintendo Switch, PC, PlayStation 4, PlayStation 5, Xbox One, Xbox Series X/S",2022.0,1.0
Shadowrun: Dragonfall - Director's Cut,True,Shadowrun: Dragonfall - Director's Cut,20.67,29.5,41.68,30.11,80.0,"Linux, Mac, Mobile, Nintendo Switch, PC, PlayStation 4, PlayStation 5, Xbox One, Xbox Series X/S",2014.0,1.0
Shadowrun: Hong Kong - Extended Edition,True,Shadowrun: Hong Kong - Extended Edition,21.2,41.98,47.65,41.59,77.0,"Linux, Mac, Nintendo Switch, PC, PlayStation 4, PlayStation 5, Xbox One, Xbox Series X/S",2016.0,1.0
God's Trigger,True,God's Trigger,5.19,7.19,9.9,5.84,63.0,"PC, PlayStation 4",2019.0,1.0
Enter the Gungeon,True,Enter the Gungeon,22.46,62.04,160.69,69.63,80.0,"Google Stadia, Nintendo Switch, PC, PlayStation 4, Xbox One",2016.0,1.0
Remnant: From The Ashes,True,Remnant: From the Ashes,13.25,20.82,58.66,18.66,73.0,"Nintendo Switch, PC, PlayStation 4, Xbox One",2019.0,0.9565217391304348
The Alto Collection,True,The Alto Collection,6.25,19.44,33.36,9.74,61.0,"Mobile, Nintendo Switch, PC",2020.0,1.0
A Total War Saga: Troy,True,Total War Saga: TROY,35.13,62.88,82.67,45.3,67.0,PC,2020.0,0.8095238095238095
"3 out of 10, EP 1: ""Welcome To Shovelworks""",True,"3 out of 10, EP 1: ""Welcome to Shovelworks""",0.64,0.7,0.87,0.7,61.0,"Nintendo Switch, PC, Xbox One, Xbox Series X/S",2020.0,0.9767441860465116
Wilmot's Warehouse,True,Wilmot's Warehouse,7.79,8.08,10.35,8.28,73.0,"Mobile, Nintendo Switch, PC, PlayStation 4, Xbox One",2019.0,1.0
20XX,True,20XX,5.98,14.39,40.5,8.69,68.0,"Nintendo Switch, PC, PlayStation 4, Xbox One",2014.0,1.0
Barony,True,Barony,11.6,28.51,68.45,18.22,70.0,PC,2015.0,1.0
Superbrothers: Sword & Sworcery EP,True,Superbrothers: Sword & Sworcery EP,4.11,4.74,5.15,4.6,70.0,"Mobile, Nintendo Switch, PC",2012.0,1.0
Next Up Hero,True,Next Up Hero,15.0,0.0,0.0,15.0,44.0,"PC, Xbox One",2018.0,1.0
Tacoma,True,Tacoma,2.52,3.14,3.56,3.05,72.0,"PC, PlayStation 4, Xbox One",2017.0,1.0
Lifeless Planet: Premier Edition,False,,,,,,,,,
The Escapists 2,True,The Escapists 2,16.98,32.52,59.56,26.92,69.0,"Mobile, Nintendo Switch, PC, PlayStation 4, Xbox One",2017.0,1.0
Hue,True,Super Huey,0.0,0.0,0.0,0.0,0.0,,1988.0,0.46153846153846156
Aer: Memories of Old,True,AER: Memories of Old,3.06,3.91,4.38,3.8,66.0,"Linux, Mac, Nintendo Switch, PC, PlayStation 4, Xbox One",2017.0,0.9
Stranger Things 3: The Game,True,Stranger Things 3: The Game,8.54,9.54,14.64,10.1,67.0,"Mobile, Nintendo Switch, PC, PlayStation 4, Xbox One",2019.0,1.0
Pathway,True,Pathway,11.03,16.97,37.28,15.57,63.0,"Nintendo Switch, PC",2019.0,1.0
Ark: Survival Evolved,True,ARK: Survival Evolved,67.59,278.06,953.31,263.51,65.0,"Google Stadia, Mac, Mobile, Nintendo Switch, PC, PlayStation 4, Xbox One",2017.0,0.9047619047619048
Samurai Shodown Neogeo Collection,True,Samurai Shodown NeoGeo Collection,3.27,6.13,31.14,10.61,66.0,"Nintendo Switch, PC, PlayStation 4",2020.0,0.9696969696969697
Overcooked,True,Overcooked,7.75,10.27,12.13,9.9,78.0,"Nintendo Switch, PC, PlayStation 4, Xbox One",2016.0,1.0
Sludge Life,True,Sludge Life,2.19,3.09,4.24,3.38,70.0,"Nintendo Switch, PC",2020.0,1.0
Borderlands: The Handsome Collection,True,Borderlands: The Handsome Collection,50.68,104.48,220.51,94.55,79.0,"Nintendo Switch, PC, PlayStation 4, Xbox One",2015.0,1.0
Borderlands: The Pre-Sequel,True,Borderlands: The Pre-Sequel!,18.12,29.36,60.51,27.43,70.0,"Linux, Mac, Nintendo Switch, PC, PlayStation 3, PlayStation 4, Xbox 360, Xbox One",2014.0,0.9818181818181818
Sid Meier's Civilization VI,True,Sid Meier's Civilization VI,23.44,98.65,387.6,64.18,80.0,"Linux, Mac, Mobile, Nintendo Switch, PC, PlayStation 4, Xbox One",2016.0,1.0
Grand Theft Auto V,True,Grand Theft Auto V,32.05,51.49,88.43,45.38,87.0,"PC, PlayStation 3, PlayStation 4, PlayStation 5, Xbox 360, Xbox One, Xbox Series X/S",2013.0,1.0
Death Coming,True,Death Coming,4.06,6.31,10.63,5.07,64.0,"Nintendo Switch, PC",2017.0,1.0
Amnesia: The Dark Descent,True,Amnesia: The Dark Descent,7.95,9.08,11.71,8.45,78.0,"Linux, Mac, Nintendo Switch, PC, PlayStation 4, Xbox One",2010.0,1.0
Crashlands,True,Crashlands,28.27,45.43,76.29,44.09,72.0,"Mobile, Nintendo Switch, PC",2016.0,1.0
Just Cause 4,True,Just Cause 4,16.11,28.03,54.49,25.1,63.0,"PC, PlayStation 4, Xbox One",2018.0,1.0
Wheels of Aurelia,True,Wheels of Aurelia,0.48,1.19,5.45,0.89,47.0,"PC, Nintendo Switch, PlayStation 4, Xbox One",2016.0,1.0
Close to the Sun,True,Close To The Sun,4.11,5.21,6.11,4.87,64.0,"Nintendo Switch, PC, PlayStation 4, Xbox One",2019.0,0.875
Sherlock Holmes: Crimes and Punishments,True,Sherlock Holmes: Crimes and Punishments,12.6,14.81,15.46,14.21,75.0,"Nintendo Switch, PC, PlayStation 3, PlayStation 4, Xbox 360, Xbox One",2014.0,1.0
Gone Home,True,Gone Home,1.99,2.54,3.1,2.2,71.0,"Linux, Mac, Mobile, Nintendo Switch, PC, PlayStation 3, PlayStation 4, Xbox 360, Xbox One",2013.0,1.0
Hob,True,Hob,10.31,11.39,16.94,11.61,75.0,"Nintendo Switch, PC, PlayStation 4",2017.0,1.0
Totally Reliable Delivery Service,True,Totally Reliable Delivery Service,2.91,9.07,11.24,7.81,52.0,"Mobile, Nintendo Switch, PC, PlayStation 4, PlayStation 5, Xbox One, Xbox Series X/S",2019.0,1.0
Drawful 2,True,Drawful 2,1.9,6.49,6.56,5.03,72.0,"Nintendo Switch, PC, PlayStation 4, Xbox One",2016.0,1.0
Tormentor❌Punisher,False,,,,,,,,,
World War Z,True,World War Z,7.4,13.16,47.19,9.94,68.0,"Nintendo Switch, PC, PlayStation 4, Xbox One",2019.0,1.0
The Stanley Parable,True,The Stanley Parable,1.45,2.9,9.08,3.22,79.0,"Linux, Mac, PC",2013.0,1.0
Watch_Dogs,False,,,,,,,,,
A Short Hike,True,A Short Hike,1.51,2.15,4.66,2.28,82.0,"Linux, Mac, Nintendo Switch, PC, PlayStation 4, Xbox One",2019.0,1.0
Anodyne 2: Return to Dust,True,Anodyne 2: Return to Dust,8.24,10.3,11.32,10.2,79.0,"Linux, Mac, Nintendo Switch, PC, PlayStation 4, PlayStation 5, Xbox One, Xbox Series X/S",2019.0,1.0
Mutazione,True,Mutazione,6.15,8.34,10.83,8.09,77.0,"Mobile, Nintendo Switch, PC, PlayStation 4, Xbox One",2019.0,1.0
GoNNER,True,GoNNER,7.54,8.9,9.68,8.94,54.0,"Nintendo Switch, PC, Xbox One",2016.0,1.0
InnerSpace,True,InnerSpace,5.57,7.39,7.55,7.13,47.0,"Nintendo Switch, PC, PlayStation 4, Xbox One",2018.0,1.0
Assassin's Creed: Syndicate,True,Assassin's Creed: Syndicate,19.0,33.91,55.8,33.97,73.0,"Google Stadia, PC, PlayStation 4, Xbox One",2015.0,1.0
Faeria,True,Faeria,11.76,41.68,122.53,21.96,68.0,"Nintendo Switch, PC, PlayStation 4, Xbox One",2016.0,1.0
Aztez,True,Aztez,3.88,0.0,20.72,4.5,57.0,PC,2017.0,1.0
Carcassonne,True,Carcassonne,3.5,4.0,8.56,5.59,68.0,Xbox 360,2007.0,1.0
Ticket to Ride,True,Ticket to Ride,0.69,4.67,156.81,23.34,66.0,"Mac, PC",2012.0,1.0
Farming Simulator 19,True,Farming Simulator 19,113.38,234.54,253.97,207.46,69.0,"Google Stadia, PC, PlayStation 4, Xbox One",2018.0,1.0
Horace,True,Horace,13.97,17.87,23.78,16.54,70.0,"Nintendo Switch, PC, PlayStation 4, Xbox One",2019.0,1.0
Sundered: Eldritch Edition,True,Sundered,11.99,15.53,20.61,15.48,75.0,"Google Stadia, Linux, Mac, Nintendo Switch, PC, PlayStation 4, Xbox One",2017.0,1.0
Darksiders Fury's Collection,False,,,,,,,,,
Darksiders II: Deathinitive Edition,True,Darksiders II: Deathinitive Edition,19.83,29.76,52.94,27.85,76.0,"Google Stadia, Nintendo Switch, PC, PlayStation 4, PlayStation 5, Xbox One, Xbox Series X/S",2015.0,1.0
Steep,True,Steep,12.01,24.35,38.07,22.47,70.0,"PC, PlayStation 4, Xbox One",2016.0,1.0
Hello Neighbor,True,Hello Neighbor,8.18,14.06,16.3,11.41,51.0,"Mobile, Nintendo Switch, PC, PlayStation 4, Xbox One",2017.0,1.0
The Talos Principle,True,The Talos Principle,15.64,21.18,29.37,21.24,83.0,"Linux, Mac, Mobile, Nintendo Switch, PC, PlayStation 4, Xbox One",2014.0,1.0
Hyper Light Drifter,True,Hyper Light Drifter,7.75,11.74,27.16,10.09,80.0,"Linux, Mac, Mobile, Nintendo Switch, PC, PlayStation 4, Xbox One",2016.0,1.0
FTL: Faster Than Light,True,FTL: Faster Than Light,12.03,31.67,112.86,25.7,81.0,"Linux, Mac, Mobile, PC",2012.0,1.0
Totally Accurate Battle Simulator,True,Totally Accurate Battle Simulator,8.63,16.04,41.8,18.86,70.0,"Nintendo Switch, PC, PlayStation 4, Xbox One",2019.0,1.0
Celeste,True,Celeste,8.31,14.65,39.19,12.73,88.0,"Google Stadia, Linux, Mac, Nintendo Switch, PC, PlayStation 4, Xbox One",2018.0,1.0
APE OUT,True,Ape Out,2.16,3.05,9.51,2.43,75.0,"Nintendo Switch, PC, Xbox One",2019.0,0.42857142857142855
Little Inferno,True,Little Inferno,3.37,4.17,4.82,4.09,72.0,"Mobile, Nintendo Switch, PC, Wii U",2012.0,1.0
SUPERHOT,True,SUPERHOT,2.39,5.17,20.01,3.31,77.0,"Google Stadia, Nintendo Switch, PC, PlayStation 4, Xbox One",2016.0,1.0
TowerFall Ascension,True,TowerFall Ascension,3.76,9.57,35.89,7.21,79.0,"Nintendo Switch, Ouya, PC, PlayStation 4, PlayStation Vita",2013.0,1.0
The Wolf Among Us,False,,,,,,,,,
Rayman Legends,True,Rayman Legends,10.05,16.12,31.61,16.37,84.0,"Google Stadia, Nintendo Switch, PC, PlayStation 3, PlayStation 4, PlayStation Vita, Wii U, Xbox 360, Xbox One",2013.0,1.0
Bad North: Jotunn Edition,False,,,,,,,,,
The Messenger,True,The Messenger,12.03,14.43,16.13,14.41,83.0,"Nintendo Switch, PC, PlayStation 4, PlayStation 5, Xbox One",2018.0,1.0
Nuclear Throne,True,Nuclear Throne,17.02,58.36,190.6,31.22,76.0,"Nintendo Switch, PC, PlayStation 3, PlayStation 4, PlayStation Vita, Xbox One",2015.0,1.0
RUINER,True,RUINER,5.41,7.43,15.48,6.32,72.0,"Nintendo Switch, PC, PlayStation 4, Xbox One",2017.0,1.0
Costume Quest,True,Costume Quest,5.55,6.62,7.44,6.75,73.0,"Linux, Mac, Mobile, PC, PlayStation 3, Xbox 360",2010.0,1.0
SOMA,False,,,,,,,,,
Layers of Fear: Masterpiece Edition,True,Layers of Fear,3.43,4.66,11.47,4.23,69.0,"Linux, Mac, Nintendo Switch, PC, PlayStation 4, Xbox One",2016.0,0.7446808510638298
Q.U.B.E. 2,True,Q.U.B.E. 2,5.29,7.37,7.75,5.96,73.0,"Nintendo Switch, PC, PlayStation 4, Xbox One",2018.0,1.0
>observer_,True,Observer,6.93,8.7,11.47,7.88,71.0,"Nintendo Switch, PC, PlayStation 4, Xbox One",2017.0,1.0
Alan Wake's American Nightmare,True,Alan Wake's American Nightmare,3.63,4.67,8.55,4.32,67.0,"PC, PlayStation 3, Xbox 360",2012.0,1.0
Everything,True,Everything,2.97,5.66,18.53,4.57,68.0,"Linux, Mac, Nintendo Switch, PC, PlayStation 4",2017.0,1.0
Batman Arkham - Trilogy,False,,,,,,,,,
Batman: Arkham City - Game of the Year Edition,False,,,,,,,,,
Batman: Arkham Knight,True,Batman: Arkham Knight,17.03,31.46,51.26,30.95,83.0,"PC, PlayStation 4, Xbox One",2015.0,1.0
Lego Batman Trilogy,False,,,,,,,,,
LEGO Batman 2: DC Super Heroes,True,LEGO Batman 2: DC Super Heroes,8.99,15.49,24.04,15.94,74.0,"Mobile, Nintendo 3DS, Nintendo DS, PC, PlayStation 3, PlayStation Vita, Wii, Wii U, Xbox 360, Xbox One",2012.0,1.0
LEGO Batman 3: Beyond Gotham,True,LEGO Batman 3: Beyond Gotham,10.2,19.38,36.28,24.9,71.0,"Mobile, Nintendo 3DS, PC, PlayStation 3, PlayStation 4, PlayStation Vita, Wii U, Xbox 360, Xbox One",2014.0,1.0
Conarium,True,Conarium,4.07,4.79,5.58,4.55,66.0,"Linux, Mac, Nintendo Switch, PC, PlayStation 4, Xbox One",2017.0,1.0
The End Is Nigh,True,The End Is Nigh,8.41,15.78,68.05,13.01,76.0,"Nintendo Switch, PC, PlayStation 4",2017.0,1.0
FEZ,True,FEZTAL,0.21,0.0,0.25,0.24,80.0,PC,2021.0,0.6666666666666666
GNOG,True,GNOG,1.86,1.99,2.06,1.97,71.0,"PC, PlayStation 4",2017.0,1.0
Alan Wake,True,Alan Wake,11.17,14.39,27.34,13.1,78.0,"PC, Xbox 360",2010.0,1.0
For Honor - Standard Edition,False,,,,,,,,,
Moonlighter,True,Moonlighter,14.06,20.58,29.7,17.21,73.0,"Google Stadia, Mobile, Nintendo Switch, PC, PlayStation 4, Xbox One",2018.0,1.0
This War of Mine,True,This War of Mine,11.27,20.24,41.41,16.33,77.0,"Linux, Mac, Mobile, Nintendo Switch, PC, PlayStation 4, PlayStation 5, Xbox One, Xbox Series X/S",2014.0,1.0
Torchlight,True,Torchlight,14.2,21.4,49.37,19.27,72.0,"PC, Xbox 360",2009.0,1.0
Last Day of June,True,Last Day of June,3.11,3.54,4.03,3.53,73.0,"Nintendo Switch, PC, PlayStation 4",2017.0,1.0
RiME,True,RiME,5.73,6.88,10.39,6.55,74.0,"Nintendo Switch, PC, PlayStation 4, Xbox One",2017.0,1.0
Stories Untold,True,Stories Untold,2.75,3.04,3.13,2.95,74.0,"Nintendo Switch, PC, PlayStation 4, Xbox One",2017.0,1.0
World of Goo,True,World of Goo,6.01,8.0,13.95,7.05,75.0,"Linux, Mac, Mobile, Nintendo Switch, PC, Wii",2008.0,1.0
Transistor,True,Transistor,5.99,8.4,15.8,7.74,80.0,"Linux, Mac, Mobile, Nintendo Switch, PC, PlayStation 4",2014.0,1.0
The Witness,True,The Witness,16.97,24.29,37.42,22.71,79.0,"Mac, Mobile, PC, PlayStation 4, Xbox One",2016.0,1.0
Oxenfree,True,Oxenfree,4.45,5.66,13.12,5.44,76.0,"Mobile, Nintendo Switch, PC, PlayStation 4, Xbox One",2016.0,1.0
Slime Rancher,True,Slime Rancher,14.59,22.88,38.18,23.19,78.0,"Linux, Mac, Nintendo Switch, PC, PlayStation 4, Xbox One",2017.0,1.0
Thimbleweed Park,True,Thimbleweed Park,10.51,14.15,15.93,12.46,77.0,"Mac, Mobile, Nintendo Switch, PC, PlayStation 4, Xbox One",2017.0,1.0
Axiom Verge,True,Axiom Verge,10.71,13.4,17.13,12.57,78.0,"Linux, Mac, Nintendo Switch, PC, PlayStation 4, PlayStation Vita, Wii U, Xbox One",2015.0,1.0
The Jackbox Party Pack,True,The Jackbox Party Pack,3.4,5.06,15.85,5.29,68.0,"Nintendo Switch, PC, PlayStation 3, PlayStation 4, Xbox 360, Xbox One",2014.0,1.0
What Remains of Edith Finch,True,What Remains of Edith Finch,2.12,2.54,2.88,2.43,82.0,"Mobile, Nintendo Switch, PC, PlayStation 4, PlayStation 5, Xbox One, Xbox Series X/S",2017.0,1.0
Super Meat Boy,True,Super Meat Boy,9.24,18.45,45.75,14.05,79.0,"Linux, Mac, Mobile, Nintendo Switch, PC, PlayStation 4, PlayStation Vita, Wii U, Xbox 360",2010.0,1.0
Subnautica,True,Subnautica,29.89,42.32,52.41,41.54,85.0,"Nintendo Switch, Nintendo Switch 2, PC, PlayStation 4, PlayStation 5, Xbox One, Xbox Series X/S",2018.0,1.0
